problem,M,n,seed,group,HV,IGD+,runtime
dtlz1,2,10,43,baseline,0.7041598978065325,0.35530599628816345,98.25318837165833
dtlz1,2,10,44,smac3,1.0819425057756937,0.00013998462868529903,98.59134125709534
dtlz1,2,10,45,baseline,0.7055666376211588,0.35431748062935675,98.67144918441772
dtlz1,2,10,43,dynamic,1.0840419547611022,0.00015831015744999225,99.2153697013855
dtlz1,2,10,44,baseline,1.082336846412902,0.0028392816741164245,99.22374296188354
dtlz1,2,10,44,dynamic,1.083227589531825,0.001486497719888352,100.16350197792053
dtlz1,2,10,42,baseline,0.7035788893966095,0.3557117854843452,101.47290349006653
dtlz1,2,10,45,smac3,1.0833199332201178,0.0013535233992441993,102.19572591781616
dtlz1,2,10,42,dynamic,0.7045016873073651,0.35506646877608133,102.25970816612244
dtlz1,2,10,43,smac3,1.0836114513000148,0.0008846390636490947,102.50022172927856
dtlz1,2,10,46,baseline,1.083512424097483,0.0010207207766683517,102.57135939598083
dtlz1,2,10,42,smac3,1.0801568073303134,0.005719126202318335,102.76664233207703
dtlz1,2,10,46,smac3,0.7043768441387194,0.35515464445478295,103.23164439201355
dtlz1,2,10,45,dynamic,1.0839161843973795,9.682375220343014e-05,103.68852519989014
dtlz1,2,10,47,baseline,1.0783128699804891,0.008245160248908477,93.38278698921204
dtlz1,2,10,47,smac3,1.0835035854826158,0.001047090130049706,93.77532577514648
dtlz1,2,10,48,baseline,1.0822685116078572,0.003017039985085109,93.89450860023499
dtlz1,2,10,46,dynamic,1.0826871302318495,0.0023040452560158914,95.41828393936157
dtlz1,2,10,47,dynamic,1.071685443963723,0.017092559852176174,94.79298615455627
dtlz1,2,10,48,smac3,1.0841555867497337,6.458285475638825e-06,94.11570906639099
dtlz1,2,10,49,baseline,1.083449292082789,0.0011388800459568454,93.23947668075562
dtlz1,2,10,49,smac3,1.0837458269407119,0.0006686034700125475,94.14249730110168
dtlz1,2,10,50,smac3,0.7063249857032727,0.35378767977121417,94.76290678977966
dtlz1,2,10,50,baseline,1.0826753951690655,0.0021609070061986723,95.16177201271057
dtlz1,2,10,48,dynamic,0.7028993463534697,0.35618664130095845,96.10197567939758
dtlz1,2,10,51,baseline,1.0831591459232743,0.0015900361560041915,94.89541363716125
dtlz1,2,10,49,dynamic,1.0834006824893705,0.0010962351130250367,95.98317217826843
dtlz1,2,10,50,dynamic,1.0836950481025063,0.0007057643734742043,95.5713062286377
dtlz1,2,10,51,smac3,1.0841095429285064,6.513099222212382e-05,97.48105835914612
dtlz1,2,10,52,baseline,0.7046255801844593,0.3549790551482781,97.67546796798706
dtlz1,2,10,51,dynamic,1.0828396209039701,0.0020215303012824986,98.55211901664734
dtlz1,2,10,52,smac3,1.0835324388035321,0.0009749683832536833,97.55557179450989
dtlz1,2,10,52,dynamic,1.083688642399907,0.0007524867097850263,98.15839743614197
dtlz1,2,10,53,baseline,1.0768080347899267,0.010263039849139432,98.13902115821838
dtlz1,2,10,53,smac3,1.083915284494842,0.0002497000359262438,98.01344656944275
dtlz1,2,10,54,baseline,1.0807487703755911,0.004948555130026567,98.50981998443604
dtlz1,2,10,54,smac3,1.0840382361455096,0.0001088800202905578,98.6423909664154
dtlz1,2,10,53,dynamic,1.0838173499166694,0.0005017577839979083,99.66492176055908
dtlz1,2,10,55,baseline,1.0834743806759306,0.0009890268838909032,98.02112197875977
dtlz1,2,10,54,dynamic,1.0833435838808998,0.0013071890355981213,99.13552498817444
dtlz1,2,10,55,smac3,1.0839193284846984,0.00036224308698415875,98.68342447280884
dtlz1,2,10,55,dynamic,1.082116622574772,0.0020995364453009206,99.63535380363464
dtlz1,2,10,56,baseline,1.082115746661367,0.003232271385244757,94.0468020439148
dtlz1,2,10,56,smac3,1.0840921894478306,0.00010828293473365054,95.38371396064758
dtlz1,2,10,57,baseline,1.0841502194328063,1.1526984133122994e-05,95.03908920288086
dtlz1,2,10,57,smac3,1.0840921866443731,0.00013948245059375837,94.71025371551514
dtlz1,2,10,56,dynamic,1.0834571651628366,0.0011109855273238403,96.42958188056946
dtlz1,2,10,57,dynamic,1.0837440199325081,0.0004992779639452592,96.10168194770813
dtlz1,2,10,58,baseline,1.0818391231033369,0.003563169394717808,95.70987367630005
dtlz1,2,10,59,baseline,1.0821730725476746,0.003146290582888375,95.5740578174591
dtlz1,2,10,58,smac3,1.0841285514322525,3.4969714694172127e-05,96.50827121734619
dtlz1,2,10,59,smac3,0.7063066392257764,0.35379867202471504,96.44256472587585
dtlz1,2,10,60,baseline,1.0812241119268675,0.0036707675985687685,96.07945775985718
dtlz1,2,10,58,dynamic,1.083924456114206,0.00034092479215147326,97.2581262588501
dtlz1,2,10,59,dynamic,1.078202535328902,0.008398827226386735,97.21915531158447
dtlz1,2,10,60,smac3,0.7058845176993519,0.35409542586614956,96.37021136283875
dtlz1,2,10,60,dynamic,1.0799016639672767,0.0037077417601783388,94.2149019241333
dtlz1,2,10,61,smac3,1.0770925156689712,0.0014243613783082865,93.84911298751831
dtlz1,2,10,61,baseline,1.0828298174475517,0.00210328269532503,94.35446333885193
dtlz1,2,10,62,baseline,0.7015721854903371,0.35711696035554846,93.81098771095276
dtlz1,2,10,61,dynamic,1.0841529004048658,1.121118315576331e-05,94.63130593299866
dtlz1,2,10,62,smac3,0.7052735609638922,0.3545246453421871,93.71243643760681
dtlz1,2,10,62,dynamic,1.0831935507298107,0.001562828739531726,95.99219608306885
dtlz1,2,10,63,baseline,0.7065914912076122,0.35360047656923416,94.7138020992279
dtlz1,2,10,63,smac3,1.0824296357137975,0.0027802094451117036,95.41120982170105
dtlz1,2,10,64,smac3,0.7068889871613563,0.3533910984111087,94.88679003715515
dtlz1,2,10,64,baseline,1.0814470620467174,0.0013409605391447132,95.8679723739624
dtlz1,2,10,63,dynamic,1.0805308055991243,0.004114269411709771,96.71479654312134
dtlz1,2,10,65,baseline,1.0695491812512339,0.0019734962528645426,95.62219214439392
dtlz1,2,10,64,dynamic,0.7065696268795465,0.35361534569129166,97.02088046073914
dtlz1,2,10,65,smac3,1.0773303393646327,0.006867572472801702,97.55290150642395
dtlz1,2,10,66,smac3,0.7068946930548435,0.35338655692864485,97.86142158508301
dtlz1,2,10,65,dynamic,1.083956282139178,0.00032536719917222105,98.87776017189026
dtlz1,2,10,66,baseline,1.0830286981868684,0.0018061846069109256,98.93848371505737
dtlz1,2,10,66,dynamic,1.0838109519246157,0.0005590819015225619,98.52733278274536
dtlz1,2,10,67,baseline,1.0829165449909737,0.001996570343763743,98.45789194107056
dtlz1,2,10,67,smac3,1.0838562267579679,0.00047460729829230366,99.27892398834229
dtlz1,2,10,67,dynamic,1.0830981818509728,0.0016929698709215583,100.25294232368469
dtlz1,2,10,68,smac3,1.082799102038838,0.0021705475070910216,98.79423546791077
dtlz1,2,10,68,baseline,1.0825485063534783,0.002585270273184321,99.7418372631073
dtlz1,2,10,69,baseline,1.0841471227785726,1.6982169949985404e-05,99.05810785293579
dtlz1,2,10,68,dynamic,1.0765497778322621,0.0020682152323951595,100.62043571472168
dtlz1,2,10,69,smac3,1.0836052198571453,0.0008395349613707076,100.09072709083557
dtlz1,2,10,69,dynamic,0.7057721483776005,0.35417543594950834,100.68972301483154
dtlz1,2,10,70,baseline,1.0835090409866626,0.0010415119789338096,98.4710283279419
dtlz1,2,10,70,smac3,1.0839940384636735,0.0002509116553540675,98.18968081474304
dtlz1,2,10,71,baseline,1.0797772733194844,0.006140487190817846,98.42376613616943
dtlz1,2,10,71,smac3,1.0841394693548203,1.9580208886684885e-05,98.16616177558899
dtlz1,2,10,70,dynamic,1.0830819347256664,0.0017205597914586434,99.50770401954651
dtlz1,2,10,71,dynamic,1.0830326057481605,0.0017510518510883378,99.57190918922424
dtlz1,2,20,42,baseline,0.0,2.1211562357737366,185.2200689315796
dtlz1,2,20,42,smac3,0.7069730603101465,0.35358332902138645,185.33621430397034
dtlz1,2,20,43,baseline,0.0,0.9723124000219203,185.6436812877655
dtlz1,2,20,43,smac3,0.668785258840297,0.3766007346605163,185.36245703697205
dtlz1,2,20,44,baseline,0.0,2.13230765265917,185.84824061393738
dtlz1,2,20,44,smac3,0.7066012872049898,0.3538419704478232,185.82739186286926
dtlz1,2,20,42,dynamic,0.22933273779108268,0.7199926924892281,191.53328824043274
dtlz1,2,20,43,dynamic,0.0,1.7709216596573334,192.4997820854187
dtlz1,2,20,45,baseline,0.23779988234866892,0.7105587632947057,179.73509621620178
dtlz1,2,20,45,smac3,0.7040342037965298,0.355643501732896,180.29325771331787
dtlz1,2,20,46,baseline,0.0,3.5349116118035506,180.0742015838623
dtlz1,2,20,44,dynamic,0.0,2.1223255674821835,185.38988137245178
dtlz1,2,20,46,smac3,1.0810529903732982,0.0043836699908574904,181.17926740646362
dtlz1,2,20,45,dynamic,0.0,5.316485725083656,184.78193759918213
dtlz1,2,20,47,baseline,0.6964279414246057,0.3592504307366126,182.02555990219116
dtlz1,2,20,47,smac3,0.6784518471767743,0.37335163338111027,183.0958116054535
dtlz1,2,20,46,dynamic,0.0,1.422798493020171,187.2798454761505
dtlz1,2,20,48,baseline,0.004542732511833074,1.0786924714175294,181.3492877483368
dtlz1,2,20,48,smac3,1.0728994971044996,0.015668167319774728,181.53389048576355
dtlz1,2,20,47,dynamic,0.0,5.303544044862683,188.12524032592773
dtlz1,2,20,49,baseline,0.0,2.1235034981857916,182.28807592391968
dtlz1,2,20,48,dynamic,0.0,2.8287779281754117,187.82826709747314
dtlz1,2,20,49,smac3,0.01837923862414497,1.0623032548009668,181.7070734500885
dtlz1,2,20,50,baseline,0.0,4.2451171293240275,181.32487106323242
dtlz1,2,20,50,smac3,0.206839833607471,0.7440409829082572,180.50865602493286
dtlz1,2,20,51,baseline,0.0,1.416153798803226,180.09700727462769
dtlz1,2,20,49,dynamic,0.01843602434421202,1.0620948549074614,186.1970250606537
dtlz1,2,20,50,dynamic,0.6950683489394119,0.3618814392418115,186.43076515197754
dtlz1,2,20,51,smac3,1.0842191078778407,4.580300031016012e-05,184.09581565856934
dtlz1,2,20,52,baseline,0.0,3.8871624403315486,183.3285117149353
dtlz1,2,20,52,smac3,0.6686953844549025,0.37991748163812294,184.33850574493408
dtlz1,2,20,51,dynamic,0.0,4.024931935687366,189.4919581413269
dtlz1,2,20,53,baseline,0.01841319448555346,0.9780709868997416,183.8332633972168
dtlz1,2,20,52,dynamic,0.0,1.7691727164352369,189.37577891349792
dtlz1,2,20,53,smac3,0.24032408558717733,0.7086557351168059,184.9853482246399
dtlz1,2,20,53,dynamic,0.21881805178730035,0.7309265784615905,190.03463673591614
dtlz1,2,20,54,baseline,0.0,1.4146583467793559,181.5547115802765
dtlz1,2,20,54,smac3,0.6902646271756313,0.36524974136342336,182.3378782272339
dtlz1,2,20,55,baseline,0.0,3.8910508657555343,180.87945413589478
dtlz1,2,20,55,smac3,0.7043397812266556,0.35543062962573696,181.9771773815155
dtlz1,2,20,54,dynamic,0.0,1.785050510558971,185.96303486824036
dtlz1,2,20,55,dynamic,0.0,6.018859331303857,187.4247374534607
dtlz1,2,20,56,baseline,0.7004189380915771,0.3581726142385618,181.23758006095886
dtlz1,2,20,56,smac3,0.24181678189910416,0.7071275889868572,180.63590216636658
dtlz1,2,20,57,smac3,0.7031248060595574,0.3562814525737212,180.6426899433136
dtlz1,2,20,57,baseline,0.23667743467926808,0.7123693070719004,181.0974841117859
dtlz1,2,20,56,dynamic,0.0,2.4762201218292668,186.34503364562988
dtlz1,2,20,58,baseline,1.0449806441610192,0.0135263701340958,181.3650300502777
dtlz1,2,20,57,dynamic,0.0,4.245060594458425,186.32489132881165
dtlz1,2,20,58,smac3,1.077144183490424,0.009949530725851426,180.291925907135
dtlz1,2,20,59,baseline,0.0,1.4289599293677158,178.64720749855042
dtlz1,2,20,59,smac3,1.0740995322586648,0.0014307643499423442,177.77235174179077
dtlz1,2,20,60,baseline,0.0,1.4184911709881844,177.8400001525879
dtlz1,2,20,58,dynamic,0.235085333920904,0.7132503152756212,184.2327859401703
dtlz1,2,20,59,dynamic,0.0,3.1822716412705065,183.6838092803955
dtlz1,2,20,60,smac3,0.018880280942082477,1.060469010623459,178.67864632606506
dtlz1,2,20,61,baseline,0.0,1.2280791263861033,180.15160608291626
dtlz1,2,20,60,dynamic,0.0,2.1241017176271346,186.92907691001892
dtlz1,2,20,61,smac3,0.6780321104200239,0.3735649231141355,181.0159673690796
dtlz1,2,20,62,baseline,0.6756561095402639,0.35864159212516983,181.48236966133118
dtlz1,2,20,62,smac3,1.0811093082260286,0.004535269848990627,182.31086659431458
dtlz1,2,20,61,dynamic,0.0,1.8020837169722594,187.3633005619049
dtlz1,2,20,63,baseline,0.0,1.767044527668007,181.11442923545837
dtlz1,2,20,62,dynamic,0.018898474111009988,1.060403169171161,186.99237656593323
dtlz1,2,20,63,smac3,0.7068918314700886,0.35363968964366244,181.98057389259338
dtlz1,2,20,64,baseline,0.016717494662935657,1.068257419653557,180.07703733444214
dtlz1,2,20,64,smac3,0.6671862348164301,0.38069098766484444,180.72949051856995
dtlz1,2,20,63,dynamic,0.0,2.837266024429257,184.8537335395813
dtlz1,2,20,65,baseline,0.0,1.769783786268735,181.18229293823242
dtlz1,2,20,64,dynamic,0.0,1.415869984069652,186.62131929397583
dtlz1,2,20,65,smac3,0.7010126082833786,0.3577366949541696,182.40355896949768
dtlz1,2,20,66,baseline,0.23777288041893618,0.7110430746461925,182.0613226890564
dtlz1,2,20,66,smac3,1.0829197001814506,0.001470808233879034,181.71390652656555
dtlz1,2,20,65,dynamic,0.0,1.767618478927457,187.32594871520996
dtlz1,2,20,67,baseline,0.22723579823989798,0.7187102111318102,181.96250581741333
dtlz1,2,20,67,smac3,0.7017373614493698,0.3572522885218705,182.10002374649048
dtlz1,2,20,66,dynamic,0.0,1.7669887826013966,188.2287199497223
dtlz1,2,20,67,dynamic,0.0,1.7682003664239518,186.08490014076233
dtlz1,2,20,68,baseline,0.0,2.1246938910348536,180.14599990844727
dtlz1,2,20,68,smac3,1.083737596286122,0.0008171600195201392,179.3017725944519
dtlz1,2,20,69,baseline,0.0,1.4155695126066337,178.50909805297852
dtlz1,2,20,68,dynamic,0.016533350171442515,1.069199969131804,185.309068441391
dtlz1,2,20,69,smac3,0.7030319893551962,0.35634625107564133,180.554851770401
dtlz1,2,20,69,dynamic,0.2301934928735204,0.7190346007004973,187.2741985321045
dtlz1,3,10,42,baseline,1.3066538353227526,2.6323598009334887e-05,141.9764802455902
dtlz1,3,10,42,smac3,1.3064401179035272,0.0010952611159358741,139.56370067596436
dtlz1,2,20,70,baseline,0.0,2.120396108639517,182.9554579257965
dtlz1,2,20,70,smac3,0.24160076967949703,0.7073465126774144,182.97605228424072
dtlz1,2,20,71,baseline,0.0,2.1225010260998447,183.25885272026062
dtlz1,2,20,71,smac3,0.6857189877508859,0.368287520058737,184.27409505844116
dtlz1,2,20,70,dynamic,0.01720087675847438,1.0666760078917172,189.83980798721313
dtlz1,2,20,71,dynamic,0.0,2.47820949147694,188.8481903076172
dtlz1,3,10,43,baseline,1.3065857233035998,0.00037668318378895546,139.78293108940125
dtlz1,3,10,43,smac3,1.306658061909872,2.7229395308639745e-05,138.96648168563843
dtlz1,3,10,42,dynamic,1.3056283169071985,0.00037656405246558604,142.89120411872864
dtlz1,3,10,43,dynamic,1.3062301773976832,0.002114798866240698,142.46539998054504
dtlz1,3,10,44,baseline,1.306650295768367,2.1703845782474824e-05,140.05610990524292
dtlz1,3,10,44,smac3,1.3066443835945365,9.687355537451414e-05,141.21744632720947
dtlz1,3,10,45,baseline,1.3066590590389437,2.3438373476182375e-05,140.38431859016418
dtlz1,3,10,44,dynamic,1.3066499498438597,3.6073446549838067e-05,146.53391575813293
dtlz1,3,10,45,smac3,1.3062181029934898,0.002175361796132172,141.40409350395203
dtlz1,3,10,45,dynamic,1.3045920759400556,0.00989427317046095,143.20164251327515
dtlz1,3,10,46,baseline,1.30662133556156,0.00018934971632014307,140.87041091918945
dtlz1,3,10,46,smac3,1.3066456109907425,9.211116322277037e-05,141.02200412750244
dtlz1,3,10,46,dynamic,1.3066425376424953,6.196516231403265e-05,143.66066694259644
dtlz1,3,10,47,baseline,1.3066540946028382,2.128959436944225e-05,140.71000790596008
dtlz1,3,10,47,smac3,1.306658304967252,1.4695599913002197e-05,138.4993097782135
dtlz1,3,10,47,dynamic,1.30664780023189,6.00847364085203e-05,140.91150736808777
dtlz1,3,10,48,baseline,1.3066193270454558,0.00021499565029359618,139.23198080062866
dtlz1,3,10,48,smac3,1.3066287878711964,0.0001669366123040807,138.18917059898376
dtlz1,3,10,48,dynamic,1.3060018621940785,0.0031857766956741203,141.96913123130798
dtlz1,3,10,49,baseline,1.3065793674802575,0.0003681867782589291,139.81330156326294
dtlz1,3,10,49,smac3,1.3066610177606415,1.964861808156329e-05,136.8319787979126
dtlz1,3,10,49,dynamic,1.3062959516768715,0.001801719526173946,141.20706820487976
dtlz1,3,10,50,baseline,1.3064880177085858,0.0008438865930554033,137.67069029808044
dtlz1,3,10,50,smac3,1.306620772063788,0.00021434124395983576,138.12309765815735
dtlz1,3,10,51,baseline,1.3061216097524098,0.002617450879509487,138.1450901031494
dtlz1,3,10,50,dynamic,1.3065874568196834,0.0003590806406021819,142.56910347938538
dtlz1,3,10,51,smac3,1.3065530208878,0.0005402690481992003,139.4498884677887
dtlz1,3,10,51,dynamic,1.306477395823925,0.000813199822174591,141.64683294296265
dtlz1,3,10,52,baseline,1.306593638863386,0.00023378237455284762,135.6194884777069
dtlz1,3,10,52,smac3,1.3066208114057631,0.0002140332631303811,135.10327792167664
dtlz1,3,10,52,dynamic,1.3052045073252994,0.001087523412284634,139.86895608901978
dtlz1,3,10,53,baseline,1.3066298295447112,4.093437834282684e-05,137.14648580551147
dtlz1,3,10,53,smac3,1.3066630115780162,8.136182513525004e-06,136.8159339427948
dtlz1,3,10,53,dynamic,1.3064594438192376,0.00016708353676141843,142.1222367286682
dtlz1,3,10,54,baseline,1.3066247867807135,0.0001606850348779001,137.54847955703735
dtlz1,3,10,54,smac3,1.3049136261544207,0.00842693030948015,139.32282543182373
dtlz1,3,10,54,dynamic,1.306623062656511,0.0001984542334079337,140.6717689037323
dtlz1,3,10,55,baseline,1.3063507543231045,0.00152750146741441,138.56869101524353
dtlz1,3,10,55,smac3,1.3066587392478022,2.2786297329892093e-05,139.0349805355072
dtlz1,3,10,55,dynamic,1.306390873942446,0.00013007734993973247,141.84287071228027
dtlz1,3,10,56,baseline,1.3066193106807722,0.00016393053060583855,139.43785977363586
dtlz1,3,10,56,smac3,1.306662537604198,9.715652461427638e-06,139.13752818107605
dtlz1,3,10,57,baseline,1.3066595010216928,1.4761858200897415e-05,135.63533449172974
dtlz1,3,10,56,dynamic,1.3065205268118616,0.0006400629289009891,139.08591771125793
dtlz1,3,10,57,smac3,1.3066643378970668,6.964287071277637e-06,137.18596816062927
dtlz1,3,10,57,dynamic,1.3056683310508612,0.004771202950331442,139.69462728500366
dtlz1,3,10,58,baseline,1.3066219999120285,0.00020295113090254338,136.7741413116455
dtlz1,3,10,58,smac3,1.3066515192903143,5.712769723488761e-05,138.09124541282654
dtlz1,3,10,58,dynamic,1.3066222743073683,0.00019921575202594077,142.28654670715332
dtlz1,3,10,59,baseline,1.3065987709716569,0.00031574378081722533,142.70239162445068
dtlz1,3,10,59,smac3,1.3066618746463055,1.0206717825531424e-05,140.33137965202332
dtlz1,3,10,59,dynamic,1.306633573386336,0.00010885077857863371,143.51399183273315
dtlz1,3,10,60,baseline,1.3066624820651267,1.20226044242245e-05,141.74737858772278
dtlz1,3,10,60,smac3,1.3066605875366841,1.296772013757104e-05,141.13213539123535
dtlz1,3,10,60,dynamic,1.306606794722703,0.00025543551835439265,144.06454634666443
dtlz1,3,10,61,baseline,1.3064739394626335,0.0009277894137096913,141.2509582042694
dtlz1,3,10,61,smac3,1.3066451564767505,8.280140706044757e-05,138.11601185798645
dtlz1,3,10,61,dynamic,1.306591711575786,0.00032629501044092947,141.39700508117676
dtlz1,3,10,62,baseline,1.3066547045034467,3.0295392771740097e-05,139.20563554763794
dtlz1,3,10,62,smac3,1.3065661188384738,0.0004705725191599834,139.26212430000305
dtlz1,3,10,62,dynamic,1.3064572958695564,0.0006164960408097007,141.96128606796265
dtlz1,3,10,63,baseline,1.306301994350172,0.0015218225010224659,142.34279322624207
dtlz1,3,10,63,smac3,1.3066549141506405,1.981343417358589e-05,137.69728589057922
dtlz1,3,10,63,dynamic,1.3062893700103415,0.0017552061908846727,144.22629284858704
dtlz1,3,10,64,baseline,1.3065775074182326,0.00040853765009906344,139.2977738380432
dtlz1,3,10,64,smac3,1.3066439051658478,0.00010427175369145822,139.0618188381195
dtlz1,3,10,65,baseline,1.306467849602323,0.0005011817806105926,139.0225055217743
dtlz1,3,10,64,dynamic,1.3065606523966409,0.0004831240261914156,142.5591950416565
dtlz1,3,10,65,smac3,1.3064300932676143,0.001155321026604645,139.9540958404541
dtlz1,3,10,66,baseline,1.3065725481987704,0.00039868469663326063,136.75064945220947
dtlz1,3,10,66,smac3,1.3061523300827382,0.0024942293060218057,136.4816038608551
dtlz1,3,10,65,dynamic,1.3058867672454548,0.0037077741075666774,143.4179286956787
dtlz1,3,10,66,dynamic,1.3066211697965027,7.948213899562684e-05,139.4014732837677
dtlz1,3,10,67,baseline,1.3066151461303144,0.00021476675670163576,136.16058945655823
dtlz1,3,10,67,smac3,1.306664117310587,5.224412024449172e-06,136.87140083312988
dtlz1,3,10,67,dynamic,1.3066370528245903,0.00010284037506424627,140.5087730884552
dtlz1,3,10,68,baseline,1.3066067515371573,0.00026939088423960026,134.43422770500183
dtlz1,3,10,68,smac3,1.3066598246643397,1.4930526396048278e-05,136.1948585510254
dtlz1,3,10,68,dynamic,1.3066483463075886,3.220209361302077e-05,137.45579290390015
dtlz1,3,10,69,baseline,1.3066191341026743,0.00021736569373465595,135.5132873058319
dtlz1,3,10,69,smac3,1.306664907223337,6.846387103054069e-06,135.80597376823425
dtlz1,3,10,69,dynamic,1.3056149446620426,0.005079368137747722,138.9430923461914
dtlz1,3,10,70,baseline,1.3066444969177193,9.951860724376565e-05,135.8095531463623
dtlz1,3,10,70,smac3,1.3066503037063337,6.45926356606649e-05,133.52285766601562
dtlz1,3,10,71,baseline,1.3066439215015417,4.722829447953956e-05,135.0563280582428
dtlz1,3,10,70,dynamic,1.3066022210781505,0.000283652311259669,136.8003213405609
dtlz1,3,10,71,smac3,1.30666468510573,5.56580080377578e-06,134.32954120635986
dtlz1,3,10,71,dynamic,1.3066040369983474,0.00023744947129202755,137.92402410507202
dtlz1,3,20,42,baseline,0.0,3.2144647261628365,226.24766373634338
dtlz1,3,20,42,smac3,1.1373130071500592,0.29387080424526907,227.3928689956665
dtlz1,3,20,42,dynamic,0.0,1.5351282256640177,238.94476795196533
dtlz1,3,20,43,baseline,0.03826277763657222,1.1625241413192753,230.29609560966492
dtlz1,3,20,43,smac3,1.2951849141092073,0.009603641255492661,228.63966131210327
dtlz1,3,20,44,baseline,1.2997329052908473,0.00760522317454484,229.35869073867798
dtlz1,3,20,43,dynamic,0.0013630634749596123,1.4461980295917134,239.65021443367004
dtlz1,3,20,45,baseline,0.742683770418435,0.5782558589010343,226.37474036216736
dtlz1,3,20,44,smac3,1.3034094352992152,0.018807059708801505,229.4937403202057
dtlz1,3,20,45,smac3,1.3071535603825517,0.0008998218017112884,228.37575244903564
dtlz1,3,20,46,baseline,0.7430642551690448,0.5781302062039753,226.8759047985077
dtlz1,3,20,44,dynamic,0.0,3.7546586652342717,240.48135900497437
dtlz1,3,20,45,dynamic,0.29732079786156873,0.8678176349005123,236.1845006942749
dtlz1,3,20,46,smac3,0.7428685780888076,0.5782124708133398,227.87244653701782
dtlz1,3,20,46,dynamic,0.0,2.3262610991522807,237.65149688720703
dtlz1,3,20,47,baseline,0.11898495338162192,0.9338591299959222,229.15389394760132
dtlz1,3,20,47,smac3,1.3073599387184962,3.9577997156774155e-05,228.32608556747437
dtlz1,3,20,48,baseline,0.0,1.7330956706130094,228.48021626472473
dtlz1,3,20,47,dynamic,0.0,1.7768673045400107,239.84740328788757
dtlz1,3,20,49,baseline,0.0012560317289184142,1.449224663970616,225.24797654151917
dtlz1,3,20,48,smac3,1.307356211882137,4.277850153553886e-05,229.28982281684875
dtlz1,3,20,49,smac3,0.04881871293411208,1.1695268224094897,229.17212748527527
dtlz1,3,20,50,baseline,0.7260287418623026,0.5851273525122066,227.40732860565186
dtlz1,3,20,48,dynamic,0.0,2.311752493225914,241.1024293899536
dtlz1,3,20,50,smac3,1.3028560861980851,0.020761317785660587,229.3505322933197
dtlz1,3,20,51,baseline,0.731640858145779,0.5849082002077911,227.3131217956543
dtlz1,3,20,49,dynamic,0.0,3.7645349320330928,240.50934624671936
dtlz1,3,20,50,dynamic,0.0,2.022109445801077,237.56921100616455
dtlz1,3,20,51,smac3,1.3071435103135638,0.0011139767161532658,228.4840967655182
dtlz1,3,20,51,dynamic,0.0,3.7550853861579503,240.1384038925171
dtlz1,3,20,52,baseline,0.0013054065861763233,1.4491113632685833,228.52301955223083
dtlz1,3,20,52,smac3,0.6851466438474235,0.5841815077708328,229.26795864105225
dtlz1,3,20,53,baseline,0.054901361366661044,1.1563433801203609,227.33498811721802
dtlz1,3,20,52,dynamic,0.0,3.178226294215711,240.59416890144348
dtlz1,3,20,53,smac3,1.127799245997361,0.30360198197921917,229.41195917129517
dtlz1,3,20,54,baseline,0.0,2.6030356946621067,228.68258428573608
dtlz1,3,20,54,smac3,0.298678245763618,0.8667278616843999,228.83944463729858
dtlz1,3,20,53,dynamic,0.05176059459335272,1.1629371952816234,240.00336861610413
dtlz1,3,20,55,baseline,0.0,3.486821605679476,227.3847997188568
dtlz1,3,20,55,smac3,1.306196460524723,0.003923639919889174,227.65484881401062
dtlz1,3,20,54,dynamic,0.0,1.7332940804684203,239.77996826171875
dtlz1,3,20,55,dynamic,0.0,5.227727883836444,236.94807052612305
dtlz1,3,20,56,baseline,0.04736274945981389,1.161767884185816,227.35303950309753
dtlz1,3,20,56,smac3,1.1413985228540406,0.2899342328098267,230.0814290046692
dtlz1,3,20,56,dynamic,0.0,1.738726425028716,238.28576683998108
dtlz1,3,20,57,baseline,1.3072339791613041,0.00012336962584919096,228.8069462776184
dtlz1,3,20,57,smac3,1.1075335670555377,0.3226851398868522,226.72936916351318
dtlz1,3,20,58,baseline,0.29787998341782,0.8673635002359684,229.29874968528748
dtlz1,3,20,57,dynamic,0.0,2.3339513570769954,240.80504941940308
dtlz1,3,20,58,smac3,1.3070070936032265,0.0016972374517528954,230.81076669692993
dtlz1,3,20,59,baseline,0.2837332220399586,0.8786438196234064,230.49768805503845
dtlz1,3,20,59,smac3,1.1419555812303221,0.2894205941243146,227.25552535057068
dtlz1,3,20,58,dynamic,0.0009480193030212334,1.4521753451854837,241.98739552497864
dtlz1,3,20,60,baseline,0.0013172476030990485,1.4487388623164157,229.92383241653442
dtlz1,3,20,59,dynamic,0.0,2.6027686960744143,237.82165026664734
dtlz1,3,20,60,smac3,1.3070075399628602,0.0001885125923968686,227.97838282585144
dtlz1,3,20,60,dynamic,0.0,3.7552857203630077,238.56435084342957
dtlz1,3,20,61,baseline,1.1353860206059763,0.2960646068950032,230.64773869514465
dtlz1,3,20,61,smac3,1.13473685867825,0.2959545404553198,231.2261278629303
dtlz1,3,20,61,dynamic,0.0,4.044829824512472,241.04598593711853
dtlz1,3,20,62,baseline,0.7305985699522458,0.5859584085177212,228.17953491210938
dtlz1,3,20,62,smac3,1.132910099510971,0.2979898623115245,230.30111694335938
dtlz1,3,20,63,baseline,0.0,2.3428948321124428,231.0955445766449
dtlz1,3,20,63,smac3,1.1415631869116247,0.28973019159445973,231.17593216896057
dtlz1,3,20,62,dynamic,0.0,3.193504069831341,240.85882925987244
dtlz1,3,20,63,dynamic,0.014082345597573953,1.188966394743954,238.01826930046082
dtlz1,3,20,64,baseline,1.1390643764675887,0.28968596586631,231.0062894821167
dtlz1,3,20,64,smac3,1.3068993983858737,0.0013040316234735458,231.43809294700623
dtlz1,3,20,65,baseline,0.0002485746717920912,1.4761019042532124,228.2176125049591
dtlz1,3,20,64,dynamic,0.0,7.824453657579529,238.88989353179932
dtlz1,3,20,65,smac3,1.3047042052950162,0.0042438243936118525,230.0070903301239
dtlz1,3,20,65,dynamic,0.0,2.311397455456633,240.94929814338684
dtlz1,3,20,66,baseline,0.2941022640604466,0.8703723448085712,230.05343317985535
dtlz1,3,20,66,smac3,0.7403321750670743,0.5796660292297807,231.29232811927795
dtlz1,3,20,66,dynamic,0.0014531634792904144,1.4445046281879292,238.83742427825928
dtlz1,3,20,67,baseline,0.0,2.0215291875464123,232.2099051475525
dtlz1,3,20,67,smac3,1.3063780421230833,0.004844511478032975,232.62109065055847
dtlz1,3,20,68,smac3,1.1420712351670443,0.2894418181814108,229.5417366027832
dtlz1,3,20,68,baseline,0.0,3.1861029468424102,233.27321434020996
dtlz1,3,20,69,baseline,0.001297978854148912,1.449402146464349,231.28779411315918
dtlz1,3,20,69,smac3,1.3073444182486145,8.791491580221623e-05,228.81612610816956
dtlz1,3,20,67,dynamic,0.0,3.7852547082109367,243.4012098312378
dtlz1,3,20,68,dynamic,0.0,3.4670063597547833,241.77395796775818
dtlz1,3,20,69,dynamic,0.23058889847706054,0.9215666004106284,237.82897877693176
dtlz2,2,10,42,baseline,0.4216204350245081,2.2635612819186206e-06,101.724764585495
dtlz2,2,10,42,smac3,0.42162108055389025,3.058825680878439e-06,99.98850846290588
dtlz2,2,10,42,dynamic,0.4216206007513308,1.7291700061732065e-06,102.00741195678711
dtlz2,2,10,43,smac3,0.421620164230749,2.8894352819718418e-06,99.4438316822052
dtlz2,2,10,43,baseline,0.42162044799248893,3.1609024232538144e-06,100.97761082649231
dtlz1,3,20,70,baseline,0.0011202155652070447,1.4554011119999324,229.17567014694214
dtlz2,2,10,43,dynamic,0.4216201197710854,3.4075493800186017e-06,101.42862844467163
dtlz2,2,10,44,baseline,0.42162096841545443,2.448176795886169e-06,101.40378189086914
dtlz2,2,10,44,smac3,0.421621124566027,1.8958158263190764e-06,99.75880360603333
dtlz1,3,20,70,smac3,1.1307810618894134,0.3006946541089089,234.05128407478333
dtlz1,3,20,70,dynamic,0.0,3.4937444400382627,239.5253872871399
dtlz2,2,10,44,dynamic,0.42162024530827863,4.322976934980591e-06,102.02693796157837
dtlz2,2,10,45,baseline,0.4216199348369989,4.483008789633266e-06,99.8524956703186
dtlz1,3,20,71,baseline,0.0,2.023659149949192,233.34319257736206
dtlz2,2,10,45,smac3,0.42161973268197944,6.850325285264065e-06,101.32427453994751
dtlz1,3,20,71,smac3,0.7092886049473796,0.5991073044621165,228.40628600120544
dtlz2,2,10,45,dynamic,0.4216211121742784,3.268717163101392e-06,100.21893453598022
dtlz2,2,10,46,smac3,0.42162113434876486,3.0015591848601344e-06,99.9609305858612
dtlz2,2,10,46,baseline,0.4216203863664947,2.956368529825321e-06,101.46593308448792
dtlz2,2,10,46,dynamic,0.4216207004558806,3.0979836920480267e-06,102.58257818222046
dtlz2,2,10,47,baseline,0.4216205974034318,3.109147418317851e-06,101.88849997520447
dtlz2,2,10,47,smac3,0.4216208195296117,2.653972182330464e-06,100.03188586235046
dtlz1,3,20,71,dynamic,0.0,5.491727217206948,245.30513858795166
dtlz2,2,10,47,dynamic,0.4216206825807041,5.563149232322197e-06,103.15041851997375
dtlz2,2,10,48,baseline,0.42162070194786316,6.11361691838053e-06,100.24358034133911
dtlz2,2,10,48,smac3,0.42162079753215115,4.044372551761872e-06,102.66916155815125
dtlz2,2,10,48,dynamic,0.4216208285172802,2.9995353813250347e-06,101.07230639457703
dtlz2,2,10,49,baseline,0.42162073274360534,2.165187848143895e-06,101.13004040718079
dtlz2,2,10,49,smac3,0.42162082517442573,2.975651201418277e-06,101.75785636901855
dtlz2,2,10,50,baseline,0.42162084098336455,2.0330284087904312e-06,99.07742094993591
dtlz2,2,10,49,dynamic,0.42162122094759796,3.5022999231488234e-06,99.53121376037598
dtlz2,2,10,50,smac3,0.42162092392371886,1.8866865223588829e-06,100.62989854812622
dtlz2,2,10,50,dynamic,0.4216207740017601,3.0255894678419667e-06,102.70490598678589
dtlz2,2,10,51,baseline,0.42162079032617505,1.607729668260617e-06,101.5571699142456
dtlz2,2,10,51,smac3,0.4216208766390879,1.9099478090243224e-06,100.35646653175354
dtlz2,2,10,51,dynamic,0.4216210965552875,1.6669636980541202e-06,100.59246635437012
dtlz2,2,10,52,baseline,0.4216209978580464,1.4556209061356446e-06,101.60882711410522
dtlz2,2,10,52,smac3,0.42162106927168813,2.053144974857444e-06,100.79532361030579
dtlz2,2,10,52,dynamic,0.42162091306495136,3.5756630738142533e-06,99.9284770488739
dtlz2,2,10,53,baseline,0.42162017072333335,3.621189306416806e-06,100.8827736377716
dtlz2,2,10,53,smac3,0.4216203055999374,3.345670911578856e-06,99.053790807724
dtlz2,2,10,54,smac3,0.4216197682741811,3.7784092544538873e-06,99.24793076515198
dtlz2,2,10,54,dynamic,0.4216208631357967,1.58939730089614e-06,100.2703948020935
dtlz2,2,10,53,dynamic,0.4216170503514056,4.589003913195613e-06,102.41242527961731
dtlz2,2,10,54,baseline,0.4216210169639717,3.4593781213520777e-06,102.21008110046387
dtlz2,2,10,55,baseline,0.42162086242939123,2.7064347174970475e-06,99.40422511100769
dtlz2,2,10,55,smac3,0.4216211140434699,1.915788786461153e-06,101.32527875900269
dtlz2,2,10,55,dynamic,0.42162104234716097,2.2817578265432713e-06,101.38470268249512
dtlz2,2,10,56,baseline,0.4216206565183048,2.3516775959635707e-06,101.02808403968811
dtlz2,2,10,56,smac3,0.4216208931335182,1.4629123817714826e-06,99.65242075920105
dtlz2,2,10,56,dynamic,0.42162105290858964,2.2919080801117238e-06,101.76804804801941
dtlz2,2,10,57,baseline,0.4216208647163052,3.9396507636919395e-06,101.2222969532013
dtlz2,2,10,57,smac3,0.42162081441038846,2.1626729841656393e-06,100.00815963745117
dtlz2,2,10,58,baseline,0.42162061430685166,2.3020406949909203e-06,99.768235206604
dtlz2,2,10,57,dynamic,0.42162087884753124,2.3582290792357787e-06,103.2184088230133
dtlz2,2,10,58,smac3,0.4216209514515133,1.7432663282069784e-06,99.40112686157227
dtlz2,2,10,58,dynamic,0.4216202090160794,8.54433045861594e-06,100.57835173606873
dtlz2,2,10,59,smac3,0.42162082707125,2.1702489755900214e-06,100.98352670669556
dtlz2,2,10,59,baseline,0.421621142681664,2.6681084926657516e-06,101.38262248039246
dtlz2,2,10,59,dynamic,0.42162072118809796,3.3718525539563125e-06,100.99994826316833
dtlz2,2,10,60,baseline,0.4216211232480269,2.140595265845603e-06,101.21049618721008
dtlz2,2,10,60,smac3,0.42162089650411244,1.6642615178933444e-06,100.97779560089111
dtlz2,2,10,60,dynamic,0.4216195852177332,4.747683660270662e-06,101.45965075492859
dtlz2,2,10,61,baseline,0.4216210054957764,3.671193923081824e-06,100.155264377594
dtlz2,2,10,61,smac3,0.42162084373620035,3.1651150051616974e-06,101.59593558311462
dtlz2,2,10,61,dynamic,0.42162076687171923,2.246327995592562e-06,102.09367442131042
dtlz2,2,10,62,baseline,0.4216211309139965,1.707382208668036e-06,99.26987075805664
dtlz2,2,10,62,smac3,0.4216211655037946,1.7869655671873397e-06,99.56677198410034
dtlz2,2,10,63,baseline,0.421620632249736,2.8698979019947984e-06,99.60504078865051
dtlz2,2,10,62,dynamic,0.4216207468289789,2.3069850793909585e-06,102.07632732391357
dtlz2,2,10,63,smac3,0.42161903437995296,3.3331659391393563e-06,99.76002407073975
dtlz2,2,10,64,smac3,0.4216205936061329,2.339571754569329e-06,99.33026814460754
dtlz2,2,10,64,baseline,0.42162100506577266,1.8892672798504135e-06,100.79000759124756
dtlz2,2,10,63,dynamic,0.42162030372510345,4.4720262286018e-06,102.0912036895752
dtlz2,2,10,64,dynamic,0.42161981745944066,6.945366505769729e-06,101.13352489471436
dtlz2,2,10,65,baseline,0.4216209842970422,1.8642670152025882e-06,101.32168054580688
dtlz2,2,10,65,smac3,0.42162091193977524,1.8987537103130491e-06,99.71554851531982
dtlz2,2,10,65,dynamic,0.42162092575318144,5.063584820798689e-06,100.0389416217804
dtlz2,2,10,66,baseline,0.4216203684463594,3.442745325771225e-06,101.35993123054504
dtlz2,2,10,66,smac3,0.42162076751279337,1.8918820638416413e-06,100.34551620483398
dtlz2,2,10,66,dynamic,0.42161956038738885,4.987124312940501e-06,100.04836654663086
dtlz2,2,10,67,baseline,0.42162046390771757,2.2676295121748306e-06,100.43819332122803
dtlz2,2,10,67,smac3,0.4216205121173187,3.748597665475409e-06,99.5152268409729
dtlz2,2,10,68,baseline,0.42162093028059366,1.4167116107825205e-06,99.53845119476318
dtlz2,2,10,67,dynamic,0.42162015034149436,2.6792109032734747e-06,102.70614075660706
dtlz2,2,10,68,smac3,0.4216204873795844,3.0571573142345376e-06,99.93939161300659
dtlz2,2,10,68,dynamic,0.4216211451031424,1.9770970178846405e-06,101.99662137031555
dtlz2,2,10,69,baseline,0.4216208718357215,1.4803098899926822e-06,101.46044826507568
dtlz2,2,10,69,smac3,0.4216209067711334,2.4766683846348067e-06,101.50291275978088
dtlz2,2,10,69,dynamic,0.4216198405760272,5.804310092765972e-06,102.8083381652832
dtlz2,2,10,70,smac3,0.42162086284197137,2.2504883813686126e-06,100.04957389831543
dtlz2,2,10,70,baseline,0.4216203277070041,6.0604493554044235e-06,101.17937183380127
dtlz2,2,10,70,dynamic,0.4216201546909207,2.8134910951739397e-06,103.19928336143494
dtlz2,2,10,71,baseline,0.42162110528205277,1.7885980992571913e-06,102.27960276603699
dtlz2,2,10,71,smac3,0.4216210016481619,2.8548999892672307e-06,100.29276633262634
dtlz2,2,10,71,dynamic,0.4216206778983965,3.7687987064249594e-06,102.05064749717712
dtlz2,2,20,42,baseline,0.4219105874623063,1.804496622837931e-06,190.46475958824158
dtlz2,2,20,42,smac3,0.42191218852699786,1.655468775007361e-06,190.212557554245
dtlz2,2,20,43,baseline,0.42191212964382774,2.9086426809106233e-06,191.05212020874023
dtlz2,2,20,43,smac3,0.4219121129859204,1.2111744444390508e-06,191.57914543151855
dtlz2,2,20,42,dynamic,0.42191116231232734,4.654916807734834e-06,195.84536337852478
dtlz2,2,20,44,baseline,0.42191113045218276,1.6945163475431569e-06,191.153178691864
dtlz2,2,20,43,dynamic,0.4219110284833166,3.1834747581208324e-06,196.93383502960205
dtlz2,2,20,44,smac3,0.4219123181128672,9.49721667876758e-07,192.30781841278076
dtlz2,2,20,45,baseline,0.42191192199500505,2.3831683508076905e-06,191.04519271850586
dtlz2,2,20,44,dynamic,0.42191069076219284,2.9726084250004545e-06,193.43445467948914
dtlz2,2,20,45,smac3,0.42191106260008954,1.687814656966747e-06,192.35977935791016
dtlz2,2,20,45,dynamic,0.4219112536074284,2.817084406595459e-06,195.6177237033844
dtlz2,2,20,46,baseline,0.4219110525356239,4.735349552004466e-06,190.94471764564514
dtlz2,2,20,46,smac3,0.4219121422858197,2.3327191678055253e-06,191.02918934822083
dtlz2,2,20,47,baseline,0.42191094925363193,1.9203237232434612e-06,189.56918334960938
dtlz2,2,20,46,dynamic,0.4219114911824251,6.508582629909008e-06,193.28840017318726
dtlz2,2,20,47,smac3,0.4219116885704458,1.8395370244869078e-06,191.61852169036865
dtlz2,2,20,48,baseline,0.42191198717793743,8.493573522629383e-07,193.2552547454834
dtlz2,2,20,47,dynamic,0.4219115707522207,1.7731732223219158e-06,195.1983814239502
dtlz2,2,20,48,smac3,0.4219125111690677,7.428962962488713e-07,191.8721809387207
dtlz2,2,20,49,smac3,0.4219122024068281,1.845024009697897e-06,190.77280521392822
dtlz2,2,20,49,baseline,0.4219121459266495,1.5723984640259649e-06,192.916761636734
dtlz2,2,20,48,dynamic,0.4219116131522603,3.8932869775696374e-06,196.29577803611755
dtlz2,2,20,49,dynamic,0.42191234169460134,1.040282267916747e-06,194.31466555595398
dtlz2,2,20,50,baseline,0.42191207077238757,2.77837400977196e-06,191.4879128932953
dtlz2,2,20,50,smac3,0.42191202258888066,8.722804639353597e-07,193.03398489952087
dtlz2,2,20,50,dynamic,0.4219120260745679,2.442419319229002e-06,193.66469502449036
dtlz2,2,20,51,baseline,0.42191227941476067,7.754907204834291e-07,191.15657544136047
dtlz2,2,20,51,smac3,0.42191207851204393,3.514946401133382e-06,189.35510754585266
dtlz2,2,20,51,dynamic,0.4219120762003215,2.0498598720281865e-06,192.0501048564911
dtlz2,2,20,52,baseline,0.4219124379117572,9.75547499264345e-07,189.83918738365173
dtlz2,2,20,52,smac3,0.42191245693456725,1.171077863796497e-06,192.5876259803772
dtlz2,2,20,53,baseline,0.4219120364055489,1.5440376573670192e-06,191.96435546875
dtlz2,2,20,52,dynamic,0.42191163275310456,1.561613658599404e-06,195.66077542304993
dtlz2,2,20,53,smac3,0.42191218670788866,7.552502266610074e-07,191.56700778007507
dtlz2,2,20,54,baseline,0.4219115980072033,1.3802815437378358e-06,192.6675581932068
dtlz2,2,20,54,smac3,0.4219116941077149,2.358626322494903e-06,190.32594656944275
dtlz2,2,20,53,dynamic,0.42191122881265053,2.66509536655615e-06,196.3046908378601
dtlz2,2,20,54,dynamic,0.4219118319244501,2.3006662157179394e-06,195.8865897655487
dtlz2,2,20,55,baseline,0.42191230540011887,1.0358827250247651e-06,192.38478899002075
dtlz2,2,20,55,smac3,0.4219118122603168,7.729545597968391e-07,189.96693420410156
dtlz2,2,20,55,dynamic,0.4219121932184936,2.0952569345634056e-06,194.64908957481384
dtlz2,2,20,56,baseline,0.4219105647090539,2.3535261894547754e-06,189.899831533432
dtlz2,2,20,56,smac3,0.4219123281804525,1.6563644679609757e-06,188.93752694129944
dtlz2,2,20,56,dynamic,0.42191022810929285,1.1352030510212233e-05,191.99202036857605
dtlz2,2,20,57,baseline,0.42191257028290463,8.134510011738511e-07,191.9976761341095
dtlz2,2,20,57,smac3,0.4219119122121268,1.4264339582894379e-06,191.98471069335938
dtlz2,2,20,58,baseline,0.42191237879788257,7.041662969641193e-07,190.87351369857788
dtlz2,2,20,57,dynamic,0.42191054386651683,7.267949446139044e-06,195.2718629837036
dtlz2,2,20,58,smac3,0.4219119981448081,2.865739563413788e-06,192.35495615005493
dtlz2,2,20,59,baseline,0.42191160671374134,1.5854767019852126e-06,191.13898849487305
dtlz2,2,20,58,dynamic,0.4219109115535529,3.914224409513466e-06,193.8316719532013
dtlz2,2,20,59,smac3,0.42191251995266077,1.084168105228226e-06,191.12510919570923
dtlz2,2,20,59,dynamic,0.4219121138625231,2.2013145563922977e-06,194.17294311523438
dtlz2,2,20,60,baseline,0.4219110901344184,2.764795051534934e-06,189.2420358657837
dtlz2,2,20,60,smac3,0.4219118086105721,1.3686726847695844e-06,189.720397233963
dtlz2,2,20,61,baseline,0.421912426668516,7.393379692503475e-07,189.65511298179626
dtlz2,2,20,60,dynamic,0.4219109418080074,3.0458631881992245e-06,194.01673483848572
dtlz2,2,20,61,smac3,0.42191119241842046,4.807430946966883e-06,189.6375231742859
dtlz2,2,20,62,baseline,0.4219121854602473,1.3066209485184067e-06,192.11200618743896
dtlz2,2,20,62,smac3,0.4219124262795314,1.322844454432578e-06,192.22502827644348
dtlz2,2,20,61,dynamic,0.4219111548054431,2.4575558832486467e-06,196.0114188194275
dtlz2,2,20,63,smac3,0.42191237685966027,7.482210034216328e-07,190.48041677474976
dtlz2,2,20,63,baseline,0.4219124764336664,7.740227329551784e-07,192.2015700340271
dtlz2,2,20,62,dynamic,0.42191000104683385,3.260099632246431e-06,194.59856176376343
dtlz2,2,20,63,dynamic,0.4219116748555934,3.450353218459305e-06,192.48658156394958
dtlz2,2,20,64,baseline,0.4219123883165182,1.0172653709162387e-06,191.9035723209381
dtlz2,2,20,64,smac3,0.4219123400543387,8.046452501138653e-07,191.72121024131775
dtlz2,2,20,64,dynamic,0.4219121072396832,1.282503689530066e-06,194.65949749946594
dtlz2,2,20,65,baseline,0.4219121572309524,1.593738341574544e-06,190.3385031223297
dtlz2,2,20,65,smac3,0.4219120095590721,1.269813492858135e-06,191.50499200820923
dtlz2,2,20,66,baseline,0.42191266407891476,6.603520482806539e-07,191.34485006332397
dtlz2,2,20,65,dynamic,0.4219120184967842,3.3793989739155213e-06,195.94620752334595
dtlz2,2,20,66,smac3,0.4219121436577458,2.2597560870191146e-06,195.48809361457825
dtlz2,2,20,67,baseline,0.42191223416394424,2.407756128009855e-06,194.07013750076294
dtlz2,2,20,66,dynamic,0.4219119457847998,1.970924344517938e-06,198.02124881744385
dtlz2,2,20,67,smac3,0.4219124432625539,5.870911584407637e-07,194.80001616477966
dtlz2,2,20,68,smac3,0.42191225763813245,1.843487823819417e-06,192.04830956459045
dtlz2,2,20,68,baseline,0.42191204593563475,1.509124022711639e-06,194.44069957733154
dtlz2,2,20,67,dynamic,0.4219118316060198,2.1806649043402475e-06,199.98911333084106
dtlz2,2,20,68,dynamic,0.42191176587194706,1.8413741931818422e-06,198.15683460235596
dtlz2,2,20,69,baseline,0.42191227249308294,9.516214863447938e-07,195.77592420578003
dtlz2,2,20,69,smac3,0.42191215785124303,6.542980090897527e-07,193.3372838497162
dtlz2,2,20,69,dynamic,0.4219118105000292,1.677419527131355e-06,196.55758142471313
dtlz2,3,10,42,smac3,0.7656461477229712,1.1219535841185698e-05,154.51120042800903
dtlz2,3,10,42,baseline,0.7656462642351534,1.0869535498271037e-05,155.5977487564087
dtlz2,3,10,42,dynamic,0.7656454395389869,1.3434303455827051e-05,156.80366587638855
dtlz2,3,10,43,baseline,0.7656456954056213,9.423604871718394e-06,155.35483860969543
dtlz2,2,20,70,baseline,0.42191252423274245,7.683024227912027e-07,192.52229142189026
dtlz2,2,20,70,smac3,0.421912287064823,1.0394741669275649e-06,193.03183150291443
dtlz2,3,10,43,smac3,0.7656464038187847,1.0396113211618498e-05,154.7602617740631
dtlz2,2,20,70,dynamic,0.4219109744659598,7.656029179958684e-06,196.22342586517334
dtlz2,2,20,71,baseline,0.42191208635970645,9.024700790909575e-07,196.6192843914032
dtlz2,2,20,71,smac3,0.421912215400295,1.5444806103232315e-06,196.63420057296753
dtlz2,3,10,43,dynamic,0.765645758725303,1.2741306204615199e-05,156.902761220932
dtlz2,2,20,71,dynamic,0.421911771522162,1.8440080016824927e-06,199.5377016067505
dtlz2,3,10,44,baseline,0.7656460521835269,1.167554149923498e-05,152.98065495491028
dtlz2,3,10,44,smac3,0.7656454990038656,1.0184631389623576e-05,154.76035404205322
dtlz2,3,10,44,dynamic,0.7656457896828607,1.371401072795748e-05,157.05988454818726
dtlz2,3,10,45,baseline,0.7656452059887378,1.0872108491925816e-05,158.42520952224731
dtlz2,3,10,45,smac3,0.7656458799046684,1.2175108728934047e-05,156.9728765487671
dtlz2,3,10,46,baseline,0.7656462430131542,1.0723217728769403e-05,155.9218521118164
dtlz2,3,10,45,dynamic,0.7656454492666244,1.513500432137326e-05,160.67678308486938
dtlz2,3,10,46,smac3,0.7656460742579849,1.0629327299794917e-05,155.16535258293152
dtlz2,3,10,47,baseline,0.7656465580999581,1.0404760490315568e-05,156.76444268226624
dtlz2,3,10,46,dynamic,0.7656456152117357,1.27507898448785e-05,161.4287884235382
dtlz2,3,10,47,smac3,0.7656459928382447,1.1372423599644023e-05,157.8191258907318
dtlz2,3,10,48,baseline,0.7656462786314864,1.0477707045421451e-05,157.21957325935364
dtlz2,3,10,47,dynamic,0.7656459796382109,1.4719195053121369e-05,160.52964091300964
dtlz2,3,10,48,smac3,0.7656458704331798,9.152556393610116e-06,156.2898392677307
dtlz2,3,10,48,dynamic,0.765645651736076,1.492452131351139e-05,156.57674074172974
dtlz2,3,10,49,baseline,0.7656461165528621,1.06590614387996e-05,156.3181276321411
dtlz2,3,10,49,smac3,0.7656456624010349,1.0859724957669031e-05,155.9555788040161
dtlz2,3,10,50,baseline,0.7656461006128226,9.352599232126892e-06,157.861154794693
dtlz2,3,10,49,dynamic,0.7656459841998774,1.3409001918618864e-05,160.15928530693054
dtlz2,3,10,50,smac3,0.7656460946704923,9.644118203216303e-06,154.91960048675537
dtlz2,3,10,51,baseline,0.7656462173206035,1.0479808574153063e-05,155.02644038200378
dtlz2,3,10,50,dynamic,0.7656451893015628,1.2208735568025881e-05,161.97704601287842
dtlz2,3,10,51,smac3,0.7656463756710151,9.953402280332592e-06,156.54274582862854
dtlz2,3,10,51,dynamic,0.7656459177321844,1.2932543738328779e-05,160.06803727149963
dtlz2,3,10,52,baseline,0.7656464604462795,1.1469878905799515e-05,158.9190514087677
dtlz2,3,10,52,smac3,0.7656460987501705,9.573708659751536e-06,158.33902716636658
dtlz2,3,10,53,baseline,0.7656453861019917,1.0448856895492524e-05,157.38159084320068
dtlz2,3,10,52,dynamic,0.7656452669537457,1.3610218004133675e-05,160.88325929641724
dtlz2,3,10,53,smac3,0.765646442907414,1.0503405070250641e-05,154.84274339675903
dtlz2,3,10,53,dynamic,0.7656457231832186,1.5243086776767939e-05,158.4860384464264
dtlz2,3,10,54,baseline,0.7656448612186786,1.0328580312091858e-05,155.3518500328064
dtlz2,3,10,54,smac3,0.7656461246512332,1.0783069955701776e-05,156.9194450378418
dtlz2,3,10,55,baseline,0.7656461645415984,1.0303775093191156e-05,156.71688771247864
dtlz2,3,10,54,dynamic,0.7656459823888003,1.2567436745218961e-05,160.2237787246704
dtlz2,3,10,55,smac3,0.7656453781312526,1.0364103189177529e-05,154.7254183292389
dtlz2,3,10,55,dynamic,0.7656460956957267,1.351331742038829e-05,159.33305072784424
dtlz2,3,10,56,baseline,0.7656458415370735,1.0339799737895477e-05,156.3308970928192
dtlz2,3,10,56,smac3,0.7656464903389235,1.0113483824789856e-05,157.88127636909485
dtlz2,3,10,56,dynamic,0.7656459134954321,1.2515911866968559e-05,159.58357644081116
dtlz2,3,10,57,baseline,0.7656461300196241,1.1183575313331322e-05,157.94020557403564
dtlz2,3,10,57,smac3,0.7656461418762606,9.90755977771666e-06,155.54669713974
dtlz2,3,10,57,dynamic,0.7656452650355615,1.3181050566044871e-05,158.12936997413635
dtlz2,3,10,58,baseline,0.7656455114985482,1.1540480564988695e-05,155.00951886177063
dtlz2,3,10,58,smac3,0.7656463923426211,1.0841845585806375e-05,156.33223342895508
dtlz2,3,10,58,dynamic,0.7656457486722854,1.3828324964551606e-05,157.9934618473053
dtlz2,3,10,59,smac3,0.7656463401734563,1.0247368628206092e-05,154.83697152137756
dtlz2,3,10,59,baseline,0.7656460273184187,1.0636818002317345e-05,157.91965651512146
dtlz2,3,10,60,baseline,0.7656460432416451,1.146688846911127e-05,154.87981271743774
dtlz2,3,10,59,dynamic,0.7656449126428151,1.344416481091627e-05,158.62383341789246
dtlz2,3,10,60,dynamic,0.7656463156648997,1.4177770901784294e-05,156.69437527656555
dtlz2,3,10,60,smac3,0.7656458692979838,1.0475593670390322e-05,158.0249330997467
dtlz2,3,10,61,baseline,0.7656458035249787,9.537317013765243e-06,157.19343900680542
dtlz2,3,10,62,baseline,0.7656459335494904,1.1925268174302862e-05,155.80933928489685
dtlz2,3,10,61,smac3,0.7656464304537554,1.0817753122952204e-05,158.98685002326965
dtlz2,3,10,61,dynamic,0.7656468585671627,1.3835157765505655e-05,158.86679792404175
dtlz2,3,10,62,smac3,0.7656459639260932,8.751268172570831e-06,157.632967710495
dtlz2,3,10,62,dynamic,0.7656462452520951,1.416721773076968e-05,155.8121817111969
dtlz2,3,10,63,baseline,0.7656449738619144,1.1364489307765355e-05,154.63266968727112
dtlz2,3,10,63,smac3,0.7656451973761477,1.1600439926340285e-05,154.8521544933319
dtlz2,3,10,63,dynamic,0.7656465415017016,1.3491552788936013e-05,156.4952471256256
dtlz2,3,10,64,baseline,0.7656460347582661,1.0772300811376559e-05,155.7524447441101
dtlz2,3,10,64,smac3,0.7656461186373805,1.0982495205447457e-05,154.8976104259491
dtlz2,3,10,64,dynamic,0.7656455788635329,1.3203881330228878e-05,159.43700051307678
dtlz2,3,10,65,baseline,0.7656456871728652,1.1292578392390174e-05,155.90101432800293
dtlz2,3,10,65,smac3,0.7656459619667292,9.845435005069948e-06,157.29164123535156
dtlz2,3,10,65,dynamic,0.7656454060770618,1.2737451274513186e-05,158.52220964431763
dtlz2,3,10,66,baseline,0.7656452161940768,1.0427116895837425e-05,155.82462668418884
dtlz2,3,10,66,smac3,0.7656463834501195,1.0469634908054245e-05,158.7443723678589
dtlz2,3,10,66,dynamic,0.7656458001640062,1.2819792764189764e-05,158.67676997184753
dtlz2,3,10,67,baseline,0.7656463326219384,9.55942676402881e-06,157.26504755020142
dtlz2,3,10,67,smac3,0.7656455994454794,1.0266846225926061e-05,153.90870261192322
dtlz2,3,10,67,dynamic,0.7656462324433466,1.5897074612381852e-05,156.4680655002594
dtlz2,3,10,68,baseline,0.7656460416500648,9.388289465441218e-06,154.908194065094
dtlz2,3,10,68,smac3,0.7656459606714884,9.337260732323534e-06,154.40605926513672
dtlz2,3,10,69,baseline,0.7656456869671195,1.057355156070829e-05,154.94798588752747
dtlz2,3,10,68,dynamic,0.7656456896299122,1.4509805347560048e-05,159.2643301486969
dtlz2,3,10,69,smac3,0.7656460408510011,9.345377893966386e-06,157.94699239730835
dtlz2,3,10,69,dynamic,0.7656447505253363,1.3278471755194642e-05,158.53626155853271
dtlz2,3,10,70,baseline,0.7656464053369326,1.034556444396804e-05,157.6008608341217
dtlz2,3,10,70,smac3,0.7656457474873025,1.0758468385682256e-05,158.66477823257446
dtlz2,3,10,70,dynamic,0.7656465773529814,1.5451672243775452e-05,158.93774843215942
dtlz2,3,10,71,smac3,0.7656456060380092,1.0261628470915045e-05,158.73548984527588
dtlz2,3,10,71,baseline,0.765646057143203,1.0483993904647365e-05,159.0359706878662
dtlz2,3,10,71,dynamic,0.765646028464761,1.3661762419781183e-05,162.61619639396667
dtlz2,3,20,42,baseline,0.7738759347258432,8.28495640144208e-06,261.85096192359924
dtlz2,3,20,42,smac3,0.7738760309630528,7.853377995494125e-06,266.87011885643005
dtlz2,3,20,42,dynamic,0.7738758609971543,1.2069926588661041e-05,269.68493390083313
dtlz2,3,20,43,baseline,0.7738757911971867,7.651736598048248e-06,264.66212034225464
dtlz2,3,20,43,smac3,0.7738758866056938,7.08899700916389e-06,265.6114385128021
dtlz2,3,20,43,dynamic,0.7738757012653205,1.0704989318763463e-05,265.8579432964325
dtlz2,3,20,44,baseline,0.7738758990013684,7.69283898837167e-06,270.0444004535675
dtlz2,3,20,44,smac3,0.7738762118739633,7.592718261609123e-06,267.49017357826233
dtlz2,3,20,44,dynamic,0.7738758910164535,1.2764024703880345e-05,274.33237624168396
dtlz2,3,20,45,baseline,0.7738760637332488,7.517776362024022e-06,270.62005829811096
dtlz2,3,20,45,smac3,0.7738760294385432,8.645346458255739e-06,268.0793707370758
dtlz2,3,20,46,baseline,0.773876054634082,7.43929649681702e-06,270.3646631240845
dtlz2,3,20,45,dynamic,0.7738756393686321,1.2170946691405558e-05,272.2196137905121
dtlz2,3,20,46,smac3,0.7738753159468366,8.18527577894538e-06,271.8144769668579
dtlz2,3,20,46,dynamic,0.7738750644036837,1.0809547697713223e-05,266.71692180633545
dtlz2,3,20,47,baseline,0.7738760041275531,7.88071753731388e-06,270.92655754089355
dtlz2,3,20,47,smac3,0.7738761549912487,7.393889146191122e-06,267.67832112312317
dtlz2,3,20,48,baseline,0.7738761828765879,7.897403464144084e-06,265.75268387794495
dtlz2,3,20,47,dynamic,0.7738755366736729,1.1176069110365467e-05,269.60995960235596
dtlz2,3,20,48,smac3,0.7738760511619424,9.033961937770503e-06,264.6961259841919
dtlz2,3,20,49,baseline,0.7738759799401536,8.671354262340378e-06,266.69600534439087
dtlz2,3,20,48,dynamic,0.7738758330232247,1.2481340074881229e-05,272.63738775253296
dtlz2,3,20,49,smac3,0.7738757037220183,8.163670689958889e-06,270.2446777820587
dtlz2,3,20,49,dynamic,0.773876421862733,1.1186319937727247e-05,271.7678620815277
dtlz2,3,20,50,baseline,0.773875830016769,7.00497434888942e-06,267.7932059764862
dtlz2,3,20,50,smac3,0.7738757638308862,8.034499053040108e-06,271.1629092693329
dtlz2,3,20,50,dynamic,0.7738760577805797,1.238644969287148e-05,273.06961727142334
dtlz2,3,20,51,baseline,0.7738756583565205,8.328203246258073e-06,271.7200753688812
dtlz2,3,20,51,smac3,0.7738753994244034,8.502664081333795e-06,264.74261260032654
dtlz2,3,20,51,dynamic,0.7738760460925993,1.014920041564978e-05,275.6998167037964
dtlz2,3,20,52,baseline,0.7738759258099229,8.086037654431936e-06,264.93341732025146
dtlz2,3,20,52,smac3,0.7738759308822131,8.637325763143959e-06,265.2044150829315
dtlz2,3,20,53,baseline,0.7738761882058862,8.403454567816237e-06,264.60630798339844
dtlz2,3,20,52,dynamic,0.773875318875236,1.2792439225605253e-05,269.3970437049866
dtlz2,3,20,53,smac3,0.7738753930331678,8.110817842221627e-06,266.35075283050537
dtlz2,3,20,53,dynamic,0.7738737665315452,1.2809321064306962e-05,274.4439251422882
dtlz2,3,20,54,baseline,0.7738755845294124,7.158403777554484e-06,269.25842785835266
dtlz2,3,20,54,smac3,0.7738761645017497,8.23867081388149e-06,267.5460238456726
dtlz2,3,20,54,dynamic,0.7738744548534926,1.162720541225676e-05,267.9889907836914
dtlz2,3,20,55,baseline,0.773873354808953,8.985030444405238e-06,269.06281423568726
dtlz2,3,20,55,smac3,0.7738761780692849,8.507841187018396e-06,268.80521845817566
dtlz2,3,20,55,dynamic,0.7738754135982251,1.360313452812997e-05,274.1632993221283
dtlz2,3,20,56,baseline,0.7738714471944602,1.0209048875869938e-05,264.69336438179016
dtlz2,3,20,56,smac3,0.7738758637849742,7.734210449331714e-06,269.1855902671814
dtlz2,3,20,56,dynamic,0.7738761098446041,1.1922175993155081e-05,267.6714324951172
dtlz2,3,20,57,baseline,0.7738761687989484,7.95894990929688e-06,264.6785457134247
dtlz2,3,20,57,smac3,0.7738758200797088,8.59000900258714e-06,262.9113595485687
dtlz2,3,20,57,dynamic,0.7738757809743253,1.1533178120134075e-05,268.67910599708557
dtlz2,3,20,58,baseline,0.7738759712841631,7.66015737907844e-06,266.07705950737
dtlz2,3,20,58,smac3,0.7738754271532773,8.478322778502186e-06,268.33584856987
dtlz2,3,20,58,dynamic,0.7738761529725313,1.158483379952573e-05,272.55152773857117
dtlz2,3,20,59,baseline,0.7738761455052902,7.824082812307443e-06,268.0295617580414
dtlz2,3,20,59,smac3,0.7738743610777291,8.095250851576412e-06,266.04263949394226
dtlz2,3,20,60,baseline,0.7738758773776728,7.882718198362888e-06,268.28061985969543
dtlz2,3,20,59,dynamic,0.7738747322999122,1.1185394959646608e-05,273.83464312553406
dtlz2,3,20,60,smac3,0.7738757491022794,7.984826928366926e-06,270.5199158191681
dtlz2,3,20,60,dynamic,0.7738754438040621,1.1836905028228481e-05,267.5724868774414
dtlz2,3,20,61,baseline,0.7738764230718949,7.575170833121923e-06,269.2364089488983
dtlz2,3,20,62,baseline,0.7738756822381188,7.946417965397984e-06,266.0009112358093
dtlz2,3,20,61,smac3,0.7738759891160137,8.532715099203169e-06,266.82954478263855
dtlz2,3,20,61,dynamic,0.7738757772074301,1.2028663316905274e-05,272.8028917312622
dtlz2,3,20,62,smac3,0.7738757055749099,7.915502283898372e-06,267.850182056427
dtlz2,3,20,62,dynamic,0.7738751618822908,1.2000939479250371e-05,269.572461605072
dtlz2,3,20,63,baseline,0.7738756113621731,7.765246955103244e-06,273.9966275691986
dtlz2,3,20,63,smac3,0.7738757624727979,8.150372441834702e-06,270.5106282234192
dtlz2,3,20,64,baseline,0.7738740508770906,8.526860236090156e-06,264.6561725139618
dtlz2,3,20,63,dynamic,0.773876270222197,1.3414251788006996e-05,270.6105306148529
dtlz2,3,20,64,smac3,0.7738759947686068,7.841851445354607e-06,267.26885509490967
dtlz2,3,20,64,dynamic,0.7738726143112105,1.3050444579874487e-05,273.59108328819275
dtlz2,3,20,65,baseline,0.7738741384304508,8.267714261080574e-06,271.17059302330017
dtlz2,3,20,65,smac3,0.7738756549686203,8.246711338289176e-06,262.79532527923584
dtlz2,3,20,65,dynamic,0.7738759976657636,1.205208541332842e-05,274.14576864242554
dtlz2,3,20,66,smac3,0.7738760202850259,8.216664441330563e-06,264.1396815776825
dtlz2,3,20,66,baseline,0.7738762599371409,7.773468227555281e-06,267.0650899410248
dtlz2,3,20,67,baseline,0.7738753925448758,8.148261804488449e-06,268.0316243171692
dtlz2,3,20,66,dynamic,0.7738744195955714,1.220059652318942e-05,271.4844160079956
dtlz2,3,20,67,smac3,0.7738757224158579,8.63100296234582e-06,265.97439551353455
dtlz2,3,20,68,smac3,0.773875965847388,7.714316884359049e-06,262.0496597290039
dtlz2,3,20,67,dynamic,0.7738751419741287,1.1059372757184996e-05,272.8653197288513
dtlz2,3,20,68,baseline,0.7738759484038709,7.1031053636635875e-06,270.26587533950806
dtlz2,3,20,68,dynamic,0.7738759838985185,1.0079614513242536e-05,268.36704111099243
dtlz2,3,20,69,baseline,0.7738760532853738,7.413123770146535e-06,263.84094071388245
dtlz2,3,20,69,smac3,0.7738758726149628,7.974262986190969e-06,268.0035481452942
dtlz2,3,20,69,dynamic,0.7738751840299504,1.2804011542303893e-05,272.8732895851135
dtlz3,2,10,42,baseline,0.4214190691761291,0.0001287429976933553,106.28170895576477
dtlz3,2,10,42,smac3,0.41347401903434133,0.005151723322230722,105.52702260017395
dtlz2,3,20,70,baseline,0.7738759466857345,8.017543821365931e-06,261.70916867256165
dtlz3,2,10,43,smac3,0.4198819944755177,0.0011012823567840004,105.01330256462097
dtlz3,2,10,43,baseline,0.4101363702763872,0.007256567456356638,106.66106748580933
dtlz3,2,10,42,dynamic,0.4197195337997323,0.001205311185477464,108.24670958518982
dtlz3,2,10,43,dynamic,0.41524525771997767,0.004050567499508663,105.88511562347412
dtlz3,2,10,44,baseline,0.4185232354318806,0.002084223369089476,106.29988431930542
dtlz3,2,10,44,smac3,0.4190244496958461,0.0016404523499791203,106.04278230667114
dtlz2,3,20,70,smac3,0.7738753749064538,8.95760019002699e-06,267.17535853385925
dtlz3,2,10,44,dynamic,0.4112819757411333,0.006546662371773136,105.1405827999115
dtlz3,2,10,45,baseline,0.41120874439918204,0.006391626876628715,103.62077736854553
dtlz3,2,10,45,smac3,0.4203755646791895,0.0007895950001703215,103.46001744270325
dtlz3,2,10,45,dynamic,0.413143146441793,0.005360304269641234,104.31332278251648
dtlz3,2,10,46,baseline,0.408725011061186,0.008144310678516535,104.47214579582214
dtlz2,3,20,70,dynamic,0.7738742688481444,1.156650827803308e-05,264.0063569545746
dtlz3,2,10,46,smac3,0.38656225464760513,0.021992758486854242,105.09519982337952
dtlz2,3,20,71,baseline,0.7738758908561262,7.933822379420108e-06,263.16827368736267
dtlz3,2,10,46,dynamic,0.4120848418601488,0.006019392599200534,104.20473289489746
dtlz2,3,20,71,smac3,0.7738760679994683,8.143925687259569e-06,263.93155574798584
dtlz2,3,20,71,dynamic,0.7738731862369377,1.3418936750802654e-05,267.7473723888397
dtlz3,2,10,47,baseline,0.4019673650072544,0.012324827616733439,105.4968032836914
dtlz3,2,10,47,smac3,0.40883687265452867,0.008076103199962707,105.02909564971924
dtlz3,2,10,47,dynamic,0.4176836349581988,0.0024859978153230376,107.17755722999573
dtlz3,2,10,48,baseline,0.41935743275569626,0.0014338112027691878,102.65543532371521
dtlz3,2,10,48,smac3,0.4194632155856392,0.0013700135588763632,103.41026973724365
dtlz3,2,10,48,dynamic,0.4208193252234871,0.00050825669720917,103.76040244102478
dtlz3,2,10,49,baseline,0.0,1.0056045529230166,102.35859704017639
dtlz3,2,10,49,smac3,0.42135719074205974,0.00016732938258910408,103.8122353553772
dtlz3,2,10,49,dynamic,0.41911859635001747,0.0015829429377233898,102.96952438354492
dtlz3,2,10,50,baseline,0.4139464431680232,0.0048492406096388215,104.4918704032898
dtlz3,2,10,50,smac3,0.42152663683154384,6.076256612462223e-05,103.99495220184326
dtlz3,2,10,50,dynamic,0.4165105991588134,0.0032295417775260074,103.19386219978333
dtlz3,2,10,51,baseline,0.4188408168818853,0.0017760296599646402,103.79419541358948
dtlz3,2,10,51,smac3,0.4150547766695498,0.004185322755010365,104.18806576728821
dtlz3,2,10,51,dynamic,0.4196192986793312,0.0012682348037610118,104.38648200035095
dtlz3,2,10,52,baseline,0.42055713807927386,0.0006723725801547074,103.76229572296143
dtlz3,2,10,52,smac3,0.4200520118363574,0.0009932820827233356,103.71992492675781
dtlz3,2,10,52,dynamic,0.416453439691864,0.003271109221129599,103.24735403060913
dtlz3,2,10,53,baseline,0.4177926184991766,0.0024243073068333874,102.17483115196228
dtlz3,2,10,53,smac3,0.0,0.9997120779937828,102.81109666824341
dtlz3,2,10,53,dynamic,0.4214974451454296,8.06427075002225e-05,102.55363512039185
dtlz3,2,10,54,smac3,0.41562476713141366,0.003795544530872498,102.28671908378601
dtlz3,2,10,54,baseline,0.42114503199269565,0.0003019906580605293,103.74988913536072
dtlz3,2,10,55,baseline,0.4215358752259607,5.522509342645657e-05,103.88075137138367
dtlz3,2,10,54,dynamic,0.41786075401586575,0.0023786118318101642,105.00326681137085
dtlz3,2,10,55,smac3,0.42156943670649893,2.7679781721990908e-05,102.46116161346436
dtlz3,2,10,55,dynamic,0.10717238914029052,0.3776693219267183,104.57344484329224
dtlz3,2,10,56,baseline,0.0,1.0018718697509976,104.35179567337036
dtlz3,2,10,56,smac3,0.4188537695536788,0.0017529642593366113,104.29855823516846
dtlz3,2,10,56,dynamic,0.3784545668293507,0.0267910916496509,105.0602331161499
dtlz3,2,10,57,baseline,0.3949078652978703,0.016800493120955964,104.61231541633606
dtlz3,2,10,57,smac3,0.4203285747803196,0.0008177547634720386,102.4296486377716
dtlz3,2,10,57,dynamic,0.4186368126601099,0.00188211482429343,103.86312198638916
dtlz3,2,10,58,baseline,0.41470222434308945,0.003833011356068418,102.79247784614563
dtlz3,2,10,58,smac3,0.3967704970490745,0.01404656642792016,102.36506223678589
dtlz3,2,10,58,dynamic,0.397048479372834,0.015463535928119802,102.89801788330078
dtlz3,2,10,59,baseline,0.41301203609377823,0.005444139888375643,105.05882000923157
dtlz3,2,10,59,smac3,0.42153959251424045,5.310032930440156e-05,104.34310793876648
dtlz3,2,10,59,dynamic,0.4166478333856192,0.0031481602248590377,105.44849157333374
dtlz3,2,10,60,baseline,0.4127852187451459,0.00558764335155614,103.43235754966736
dtlz3,2,10,60,smac3,0.4208001066396833,0.0005204619433588624,105.60884833335876
dtlz3,2,10,60,dynamic,0.41775869233331725,0.0024427558546224327,104.81711220741272
dtlz3,2,10,61,baseline,0.4167800659604876,0.003065160415716101,104.55589127540588
dtlz3,2,10,61,smac3,0.42001277767008455,0.00101923357788983,104.61276650428772
dtlz3,2,10,61,dynamic,0.4190113704472075,0.0016494187844162383,107.02649927139282
dtlz3,2,10,62,baseline,0.4012532460760726,0.00957731532518483,102.44786405563354
dtlz3,2,10,62,smac3,0.4137678492934111,0.004968029651141138,102.46839737892151
dtlz3,2,10,62,dynamic,0.4197494237752291,0.0011833996305564273,103.46996212005615
dtlz3,2,10,63,baseline,0.4193785901378237,0.0014165896218567024,102.39447474479675
dtlz3,2,10,63,smac3,0.41962213704188206,0.0012674242476585441,103.33287906646729
dtlz3,2,10,63,dynamic,0.0,1.0019745969601248,105.49327993392944
dtlz3,2,10,64,baseline,0.419394295368663,0.001409423449679493,104.36490392684937
dtlz3,2,10,64,smac3,0.42035995751763944,0.0008385368780931127,105.1695806980133
dtlz3,2,10,64,dynamic,0.34326749484238145,0.04849946730748553,103.28778719902039
dtlz3,2,10,65,baseline,0.41665764311569053,0.0031425181550877633,104.35989117622375
dtlz3,2,10,65,smac3,0.4054908648257123,0.01017802645980614,104.87673282623291
dtlz3,2,10,65,dynamic,0.0,1.0061936014146304,105.00453853607178
dtlz3,2,10,66,baseline,0.4172840040407304,0.0027484585005339286,104.2284026145935
dtlz3,2,10,66,smac3,0.4215649062992753,3.530685193447105e-05,106.08603620529175
dtlz3,2,10,66,dynamic,0.0,1.0057788309428901,103.25568747520447
dtlz3,2,10,67,baseline,0.41584054474473187,0.0036592167511766112,102.93052911758423
dtlz3,2,10,67,smac3,0.41279685223338264,0.005576420672663683,103.01094365119934
dtlz3,2,10,67,dynamic,0.4207852285288757,0.0005284394830671826,103.16781806945801
dtlz3,2,10,68,baseline,0.4149351260959152,0.004226679786149153,102.19833326339722
dtlz3,2,10,68,smac3,0.42091378339093183,0.0004482067639962108,104.92911696434021
dtlz3,2,10,68,dynamic,0.4086263453883969,0.008205414129540674,105.72757601737976
dtlz3,2,10,69,baseline,0.41876626392460325,0.0016734412998200014,105.06224632263184
dtlz3,2,10,69,smac3,0.4017297858593983,0.01253439990024281,103.97113251686096
dtlz3,2,10,69,dynamic,0.38925936256314503,0.020317785805028604,106.45352435112
dtlz3,2,10,70,baseline,0.41921475389340196,0.0015213987695334795,104.94614911079407
dtlz3,2,10,70,smac3,0.4017636794325547,0.011904435402069232,104.56306982040405
dtlz3,2,10,70,dynamic,0.41990530309909285,0.0010874882650586041,107.73437833786011
dtlz3,2,10,71,baseline,0.4154695791496823,0.0038930329660082164,108.85657262802124
dtlz3,2,10,71,smac3,0.41981070648839236,0.0011418981444927684,104.43106436729431
dtlz3,2,10,71,dynamic,0.4140953131147633,0.0047517688389507335,105.91621708869934
dtlz3,2,20,42,smac3,0.0,1.0211455545654338,196.62453293800354
dtlz3,2,20,42,baseline,0.0,1.0609926440914577,197.2650909423828
dtlz3,2,20,42,dynamic,0.0,2.013645707335515,199.6704032421112
dtlz3,2,20,43,baseline,0.0,3.01663322763222,201.70745635032654
dtlz3,2,20,44,baseline,0.0,1.0026687138426467,197.74539923667908
dtlz3,2,20,43,smac3,0.22166523410122174,0.1241766205005988,202.19746208190918
dtlz3,2,20,43,dynamic,0.0,19.01359834424732,205.33534598350525
dtlz3,2,20,44,smac3,0.33400514159910616,0.054266454413351324,203.53735256195068
dtlz3,2,20,44,dynamic,0.0,1.0120876594258652,204.55711960792542
dtlz3,2,20,45,baseline,0.0,5.001426753157331,201.80469703674316
dtlz3,2,20,45,smac3,0.36391350668929995,0.03610628776458806,201.923424243927
dtlz3,2,20,46,baseline,0.0,6.002322908919244,197.45463871955872
dtlz3,2,20,45,dynamic,0.0,3.022494082593832,203.4202802181244
dtlz3,2,20,46,smac3,0.0,2.0515972699041565,196.52199840545654
dtlz3,2,20,47,baseline,0.0,3.9998810787145533,196.39155435562134
dtlz3,2,20,46,dynamic,0.0,6.999403476868559,199.2915256023407
dtlz3,2,20,47,smac3,0.0,1.0278751795650731,196.94840693473816
dtlz3,2,20,48,baseline,0.0,10.996778870954198,196.2597074508667
dtlz3,2,20,47,dynamic,0.0,6.027395639603881,201.74347400665283
dtlz3,2,20,48,smac3,0.29691550963569957,0.07638086776232283,199.11261534690857
dtlz3,2,20,48,dynamic,0.0,4.004423758850078,203.8064739704132
dtlz3,2,20,49,baseline,0.0,6.99725229123415,199.40065598487854
dtlz3,2,20,49,smac3,0.2181756545155143,0.12695142099559548,199.16274571418762
dtlz3,2,20,49,dynamic,0.0,3.0148196232469067,202.5858325958252
dtlz3,2,20,50,baseline,0.0,10.028088058749082,196.89322328567505
dtlz3,2,20,50,smac3,0.0,1.0594959033408913,196.93819570541382
dtlz3,2,20,50,dynamic,0.0,15.998793579044063,202.60560822486877
dtlz3,2,20,51,baseline,0.0,7.010253785717439,195.22875094413757
dtlz3,2,20,51,smac3,0.29661764861543993,0.0765640810454025,196.03376245498657
dtlz3,2,20,51,dynamic,0.0,6.019597521879693,198.18398642539978
dtlz3,2,20,52,baseline,0.0,5.997414429658798,195.7775228023529
dtlz3,2,20,52,smac3,0.18799742463293756,0.1524162099505004,196.67329573631287
dtlz3,2,20,53,baseline,0.0,1.0640529156557976,198.67569494247437
dtlz3,2,20,52,dynamic,0.0,4.998325236409523,202.25354838371277
dtlz3,2,20,53,smac3,0.26027525361361914,0.09777047657845057,198.94649195671082
dtlz3,2,20,54,baseline,0.0,6.1690353167400405,198.5872893333435
dtlz3,2,20,53,dynamic,0.0,5.036305144222715,202.7060089111328
dtlz3,2,20,54,smac3,0.27385553417555825,0.08473837857084715,199.3685326576233
dtlz3,2,20,54,dynamic,0.0,6.0207649096737414,200.43664717674255
dtlz3,2,20,55,baseline,0.0,4.096606785809636,195.86563348770142
dtlz3,2,20,55,smac3,0.0,1.0227969555879144,199.88371086120605
dtlz3,2,20,55,dynamic,0.0,4.00340727957159,198.1483654975891
dtlz3,2,20,56,baseline,0.0,4.001607419955573,196.6360306739807
dtlz3,2,20,56,smac3,0.38516867407946104,0.023044494557329275,195.86169028282166
dtlz3,2,20,56,dynamic,0.0,2.0316328524759037,198.5202658176422
dtlz3,2,20,57,baseline,0.0,4.032054348636246,196.86691403388977
dtlz3,2,20,57,smac3,0.4002673751749216,0.012033710637158522,198.72064018249512
dtlz3,2,20,57,dynamic,0.0,8.05080769514613,201.08791708946228
dtlz3,2,20,58,baseline,0.0,2.113103501374604,199.00958108901978
dtlz3,2,20,58,smac3,0.0,1.028770130548556,198.49752473831177
dtlz3,2,20,58,dynamic,0.0,2.071821831227021,202.12461233139038
dtlz3,2,20,59,baseline,0.0,6.024219081442991,200.02376198768616
dtlz3,2,20,59,smac3,0.0,1.0938860782566417,196.72166228294373
dtlz3,2,20,59,dynamic,0.0,6.00400423761669,201.93994975090027
dtlz3,2,20,60,smac3,0.0,1.0198562473195982,196.00476932525635
dtlz3,2,20,60,baseline,0.0,3.006085099152459,199.6066529750824
dtlz3,2,20,60,dynamic,0.0,2.0072049636021445,199.64974188804626
dtlz3,2,20,61,baseline,0.0,5.000292362361503,196.48444533348083
dtlz3,2,20,61,smac3,0.0,3.010650862093584,196.48008918762207
dtlz3,2,20,61,dynamic,0.0,8.996541395031736,199.8537676334381
dtlz3,2,20,62,baseline,0.3896939538296285,0.020234881881826247,199.88396883010864
dtlz3,2,20,62,smac3,0.0,1.1781267018314596,199.34397673606873
dtlz3,2,20,62,dynamic,0.0,3.0909366612272464,202.1008598804474
dtlz3,2,20,63,baseline,0.0,1.0008204003862227,199.08044600486755
dtlz3,2,20,63,smac3,0.1896341894043991,0.15030787852748806,199.909526348114
dtlz3,2,20,64,baseline,0.0,6.042067357855532,196.10274171829224
dtlz3,2,20,63,dynamic,0.0,6.004047113093974,202.78298425674438
dtlz3,2,20,64,smac3,0.37363779698391475,0.030171272082739117,197.5728976726532
dtlz3,2,20,64,dynamic,0.0,4.997749619884428,197.90883207321167
dtlz3,2,20,65,baseline,0.4057764274330687,0.010184133878128072,199.70769500732422
dtlz3,2,20,65,smac3,0.0,1.0324194336828334,195.84868216514587
dtlz3,2,20,65,dynamic,0.0,4.052839218132083,197.63206577301025
dtlz3,2,20,66,baseline,0.0,3.005591492328844,196.72179198265076
dtlz3,2,20,66,smac3,0.38487499187534085,0.02322536204609436,198.74675273895264
dtlz3,2,20,66,dynamic,0.0,6.99997050382577,201.99736404418945
dtlz3,2,20,67,baseline,0.0,7.015647221821249,198.94994473457336
dtlz3,2,20,67,smac3,0.0,2.0132117577258533,199.83637046813965
dtlz3,2,20,67,dynamic,0.0,3.001154093637533,201.30900597572327
dtlz3,2,20,68,baseline,0.0,5.005919356653721,199.02316689491272
dtlz3,2,20,68,smac3,0.0,3.025215367000073,196.3029978275299
dtlz3,2,20,68,dynamic,0.0,4.070571391358817,202.25261569023132
dtlz3,2,20,69,baseline,0.0,5.017949244370975,197.81815934181213
dtlz3,2,20,69,smac3,0.0,1.0284621903072548,197.78833937644958
dtlz3,2,20,69,dynamic,0.0,12.993650430849712,204.2695231437683
dtlz3,2,20,70,baseline,0.0,4.045110139949205,198.09296798706055
dtlz3,2,20,70,smac3,0.0,2.4581143515831623,197.74421787261963
dtlz3,3,10,42,baseline,0.7656404681369522,3.305996879209451e-05,159.0555248260498
dtlz3,2,20,70,dynamic,0.0,3.9988550282163065,202.48127818107605
dtlz3,3,10,42,smac3,0.7656433920287099,4.141801617687508e-05,158.50625157356262
dtlz3,3,10,43,baseline,0.7638706221854571,0.0010466202592096135,155.97968220710754
dtlz3,3,10,42,dynamic,0.7576419933535139,0.007444572316292067,161.35183882713318
dtlz3,2,20,71,baseline,0.0,2.8262218144736204,201.76879358291626
dtlz3,3,10,43,smac3,0.7652748682204871,0.00034649938842442484,158.4145405292511
dtlz3,2,20,71,smac3,0.3317376920725931,0.05566182499704041,201.36694192886353
dtlz3,2,20,71,dynamic,0.0,3.0103970492083154,206.14020347595215
dtlz3,3,10,43,dynamic,0.7632234881751038,0.0014250805626367254,158.44652676582336
dtlz3,3,10,44,baseline,0.7656407480072889,2.523414791109572e-05,156.3749132156372
dtlz3,3,10,44,smac3,0.7640966335705975,0.0017772284387175285,161.83839654922485
dtlz3,3,10,44,dynamic,0.7649474537626437,0.00041405336644224607,159.37359356880188
dtlz3,3,10,45,baseline,0.747779577431059,0.010425139143109032,158.49026250839233
dtlz3,3,10,45,smac3,0.7617939980156757,0.0023319206919424724,162.12515830993652
dtlz3,3,10,45,dynamic,0.7571780469290107,0.004968267898920366,160.6675786972046
dtlz3,3,10,46,baseline,0.764516376963903,0.0007089520426614252,160.66986966133118
dtlz3,3,10,46,smac3,0.0,0.9995534450744238,159.8265039920807
dtlz3,3,10,46,dynamic,0.7568253732393845,0.0051740327036373665,162.46777892112732
dtlz3,3,10,47,baseline,0.7656035982363116,3.3949741342246485e-05,161.8020167350769
dtlz3,3,10,47,smac3,0.0,0.9994937554485915,161.84127163887024
dtlz3,3,10,47,dynamic,0.7648412088814427,0.0004949222184377621,162.85945582389832
dtlz3,3,10,48,baseline,0.765195776893367,0.0002685703518328761,162.52815985679626
dtlz3,3,10,48,smac3,0.7654715658899536,0.000127602931999324,160.09817504882812
dtlz3,3,10,48,dynamic,0.7566546257841227,0.0053352731142823715,159.85058522224426
dtlz3,3,10,49,baseline,0.7648729339701823,0.0004578687189892473,162.43535470962524
dtlz3,3,10,49,smac3,0.0,2.0003347652388452,157.33519983291626
dtlz3,3,10,49,dynamic,0.7617767679813382,0.0022766975195784352,160.92187786102295
dtlz3,3,10,50,baseline,0.7649633479007334,0.00040402250078590106,162.27057695388794
dtlz3,3,10,50,smac3,0.7656418162996255,4.887355649201034e-05,157.89556455612183
dtlz3,3,10,50,dynamic,0.7650687417199689,0.0014069457052740633,161.91102957725525
dtlz3,3,10,51,baseline,0.7588709440227759,0.004135801594090448,159.74308681488037
dtlz3,3,10,51,smac3,0.712968804769388,0.0301412934616678,161.48529148101807
dtlz3,3,10,52,baseline,0.7624894683592849,0.0018570447007324148,161.17948269844055
dtlz3,3,10,51,dynamic,0.7640263440953398,0.0009594959360813927,162.6316192150116
dtlz3,3,10,52,smac3,0.7332821706942734,0.021432258604039384,161.54980087280273
dtlz3,3,10,52,dynamic,0.765515642552681,9.229154096307598e-05,162.99866366386414
dtlz3,3,10,53,baseline,0.765635659830051,3.13042349304203e-05,158.80873608589172
dtlz3,3,10,53,smac3,0.0,0.9996309067706122,157.55733966827393
dtlz3,3,10,53,dynamic,0.0,0.9994936653222769,164.33659482002258
dtlz3,3,10,54,baseline,0.7647270388231605,0.0005489047469055567,157.48397397994995
dtlz3,3,10,54,smac3,0.7645387298157944,0.0006529368508721752,158.83491039276123
dtlz3,3,10,55,baseline,0.7656436384557652,1.6656658203685587e-05,159.19730520248413
dtlz3,3,10,54,dynamic,0.7653674332725787,0.00017270650718953357,164.49818921089172
dtlz3,3,10,55,smac3,0.7639071802460207,0.0021114278125048606,160.15406155586243
dtlz3,3,10,55,dynamic,0.76564399419672,4.182780934816794e-05,159.54720640182495
dtlz3,3,10,56,baseline,0.7656243124247413,2.9267933560087063e-05,161.9542694091797
dtlz3,3,10,56,smac3,0.0,0.9998320291940602,161.42540526390076
dtlz3,3,10,56,dynamic,0.0,1.0041067975783577,162.8332679271698
dtlz3,3,10,57,baseline,0.7643967287533509,0.000747201209623915,161.31643795967102
dtlz3,3,10,57,dynamic,0.7644918538734842,0.000693966142117445,160.16241121292114
dtlz3,3,10,57,smac3,0.0,1.9989935584881127,161.94135332107544
dtlz3,3,10,58,baseline,0.765085837743946,0.0003496977817236995,157.04553270339966
dtlz3,3,10,58,smac3,0.7655751036322156,0.00011521197738787866,163.04949831962585
dtlz3,3,10,58,dynamic,0.7604042931584387,0.0030789896311023677,158.81029653549194
dtlz3,3,10,59,baseline,0.7637531792825618,0.001117587780476278,158.46523189544678
dtlz3,3,10,59,smac3,0.0,2.0000773315763,159.62571001052856
dtlz3,3,10,60,baseline,0.7655108605611042,8.531733767588326e-05,161.5194354057312
dtlz3,3,10,60,smac3,0.7656332579215788,6.745948333983297e-05,159.9770166873932
dtlz3,3,10,59,dynamic,0.7623099076745302,0.0019652292783748386,164.32685160636902
dtlz3,3,10,60,dynamic,0.7573836084543351,0.0048493212689687875,164.07542395591736
dtlz3,3,10,61,baseline,0.7654671159597249,0.00018145421943428788,162.50831365585327
dtlz3,3,10,61,smac3,0.0,3.3675495338020767,163.70360803604126
dtlz3,3,10,61,dynamic,0.7621332394987494,0.0020638071132036413,164.14525198936462
dtlz3,3,10,62,baseline,0.7647642799455588,0.0006162935276878476,159.9763650894165
dtlz3,3,10,62,dynamic,0.7488256089363761,0.009802752061143777,159.42088842391968
dtlz3,3,10,62,smac3,0.7656451417354393,3.417720079114976e-05,162.71044158935547
dtlz3,3,10,63,baseline,0.7561252476106269,0.005573307518244238,164.75999760627747
dtlz3,3,10,63,smac3,0.7656303114790777,6.770512728179603e-05,158.82503151893616
dtlz3,3,10,63,dynamic,0.7611228872976934,0.002992160344363397,161.4896366596222
dtlz3,3,10,64,baseline,0.7650128136581685,0.00037545926033161377,159.2300045490265
dtlz3,3,10,64,dynamic,0.7523503041112198,0.007778362854220365,161.12282943725586
dtlz3,3,10,64,smac3,0.0,1.0021548895858035,161.59047389030457
dtlz3,3,10,65,baseline,0.7655898340779224,5.126940885925486e-05,161.8009684085846
dtlz3,3,10,65,smac3,0.0,1.009144667038392,162.0996081829071
dtlz3,3,10,65,dynamic,0.7656443830214416,2.706814804735197e-05,163.1854431629181
dtlz3,3,10,66,baseline,0.731024215730763,0.020009555509487888,160.46944427490234
dtlz3,3,10,66,smac3,0.7654977400042814,0.00014246240605607225,161.75597596168518
dtlz3,3,10,66,dynamic,0.7629489430470646,0.00158840788725349,160.29244303703308
dtlz3,3,10,67,baseline,0.7651912886480716,0.0002708318920248571,157.48839712142944
dtlz3,3,10,67,smac3,0.7656446413265425,3.938001346466992e-05,161.7018768787384
dtlz3,3,10,67,dynamic,0.76523967085749,0.0002520449636139828,163.30484461784363
dtlz3,3,10,68,baseline,0.7636433756515266,0.0011812825744684917,157.04710173606873
dtlz3,3,10,68,smac3,0.7656405521195795,4.5017737167602215e-05,158.88850045204163
dtlz3,3,10,68,dynamic,0.7382254377478923,0.03275078109996649,160.90149450302124
dtlz3,3,10,69,baseline,0.7655245219778543,7.606190758895426e-05,158.98409175872803
dtlz3,3,10,69,smac3,0.765644342852069,3.24998468256353e-05,161.7781674861908
dtlz3,3,10,69,dynamic,0.7641694126889459,0.000886256239995263,165.39054012298584
dtlz3,3,10,70,baseline,0.7604473748897722,0.003056138254978123,162.1382293701172
dtlz3,3,10,70,smac3,0.7500662765949616,0.009102853763754045,162.68603682518005
dtlz3,3,10,70,dynamic,0.7589478404207177,0.003932380230669966,163.39440393447876
dtlz3,3,10,71,smac3,0.0,1.9989876486756746,159.3912637233734
dtlz3,3,10,71,dynamic,0.7655163841286788,0.00010493366702692057,159.07431197166443
dtlz3,3,10,71,baseline,0.764483210840546,0.0006855867455005868,162.45127320289612
dtlz3,3,20,42,baseline,0.0,4.374186484214705,274.565655708313
dtlz3,3,20,42,smac3,0.0,2.000718135476085,276.23357605934143
dtlz3,3,20,42,dynamic,0.0,12.020959751107084,272.14487957954407
dtlz3,3,20,43,baseline,0.0,1.013441658835492,272.23050594329834
dtlz3,3,20,43,smac3,0.0,1.9990272470944213,274.77476263046265
dtlz3,3,20,43,dynamic,0.0,9.014987739836902,275.47652435302734
dtlz3,3,20,44,baseline,0.0,6.004427892043138,275.66080951690674
dtlz3,3,20,44,smac3,0.7670711786502502,0.0081486157534925,278.8075029850006
dtlz3,3,20,44,dynamic,0.0,6.0168413685632,278.24298071861267
dtlz3,3,20,45,baseline,0.0,0.9995037219125724,273.9309663772583
dtlz3,3,20,45,smac3,0.0,1.0108902338562256,276.8000249862671
dtlz3,3,20,46,baseline,0.0,4.00019886357746,270.80591654777527
dtlz3,3,20,45,dynamic,0.0,7.998565657440275,274.35075759887695
dtlz3,3,20,46,smac3,0.0,2.5970947013423955,277.07402086257935
dtlz3,3,20,46,dynamic,0.0,5.005392953210785,282.4784700870514
dtlz3,3,20,47,baseline,0.0,4.999928386271045,279.1382439136505
dtlz3,3,20,47,smac3,0.0,1.9994526664822472,273.08823466300964
dtlz3,3,20,47,dynamic,0.0,12.99821874773921,274.7997553348541
dtlz3,3,20,48,baseline,0.0,1.002096509824702,274.20401883125305
dtlz3,3,20,48,smac3,0.0,1.0100588944983604,274.5334107875824
dtlz3,3,20,48,dynamic,0.0,13.02705419070966,279.3322534561157
dtlz3,3,20,49,baseline,0.0,7.0091255484916335,280.6075360774994
dtlz3,3,20,49,smac3,0.765077834650951,0.005235223201046118,278.64111399650574
dtlz3,3,20,50,smac3,0.0,0.999494015231361,272.2161178588867
dtlz3,3,20,50,baseline,0.0,3.0029915100479228,278.6466474533081
dtlz3,3,20,49,dynamic,0.0,8.010591269133416,285.32266998291016
dtlz3,3,20,50,dynamic,0.0,8.006644374044967,276.50843024253845
dtlz3,3,20,51,baseline,0.0,2.9984812398788874,277.93604040145874
dtlz3,3,20,51,smac3,0.0,1.0689855161619983,278.52655601501465
dtlz3,3,20,51,dynamic,0.0,4.014182469844172,281.28130078315735
dtlz3,3,20,52,baseline,0.0,8.01481257810627,271.2836456298828
dtlz3,3,20,52,smac3,0.0,4.005222358254232,273.3432343006134
dtlz3,3,20,52,dynamic,0.0,10.001821767747447,277.4372811317444
dtlz3,3,20,53,baseline,0.0,2.003703221778305,272.7675087451935
dtlz3,3,20,53,smac3,0.0,1.0010554910821186,276.6795244216919
dtlz3,3,20,54,smac3,0.7733026925659693,0.00034901691786708226,269.3676061630249
dtlz3,3,20,53,dynamic,0.0,4.002165324005818,279.918497800827
dtlz3,3,20,54,baseline,0.0,6.012469629259781,276.31087040901184
dtlz3,3,20,55,smac3,0.0,3.0539174008781664,273.16952681541443
dtlz3,3,20,54,dynamic,0.0,5.997116583835552,278.21844840049744
dtlz3,3,20,55,baseline,0.4770385502965994,0.10597486118202411,277.134801864624
dtlz3,3,20,55,dynamic,0.0,6.005972486934708,278.5058286190033
dtlz3,3,20,56,baseline,0.0,8.001279662429187,275.2934637069702
dtlz3,3,20,56,smac3,0.0,1.0103813157849093,278.2264230251312
dtlz3,3,20,56,dynamic,0.0,6.9692861552953715,274.0376000404358
dtlz3,3,20,57,baseline,0.0,3.0011329491707275,272.3875901699066
dtlz3,3,20,57,smac3,0.0,0.9994936875232823,274.9878628253937
dtlz3,3,20,57,dynamic,0.0,13.002459344162258,275.22225308418274
dtlz3,3,20,58,baseline,0.0,2.0079395599488548,275.97944259643555
dtlz3,3,20,58,smac3,0.5856952022867262,0.10186745949882509,269.06259059906006
dtlz3,3,20,59,baseline,0.0,4.003990000499579,276.30986523628235
dtlz3,3,20,58,dynamic,0.0,6.999707508868045,280.01540780067444
dtlz3,3,20,59,smac3,0.0,5.432359513157542,274.03255558013916
dtlz3,3,20,59,dynamic,0.0,12.003917164364085,278.49037742614746
dtlz3,3,20,60,baseline,0.0,1.0045197847221574,277.95072650909424
dtlz3,3,20,60,smac3,0.0,4.495962244693945,276.739816904068
dtlz3,3,20,60,dynamic,0.0,15.507513215237832,278.96986627578735
dtlz3,3,20,61,baseline,0.0,3.008450195338571,279.41627621650696
dtlz3,3,20,61,smac3,0.7736823540274947,0.0008381554208453895,273.0573754310608
dtlz3,3,20,61,dynamic,0.0,10.012395792825854,276.1188521385193
dtlz3,3,20,62,baseline,0.0,3.9995461243051214,273.97783064842224
dtlz3,3,20,62,smac3,0.0,1.0383590681884047,275.8802320957184
dtlz3,3,20,63,baseline,0.0,7.0167639295714315,271.4236092567444
dtlz3,3,20,62,dynamic,0.0,16.047045569063364,281.05860710144043
dtlz3,3,20,63,smac3,0.0,3.000123537690395,278.7925364971161
dtlz3,3,20,64,baseline,0.0,2.0188489225346085,274.6972258090973
dtlz3,3,20,63,dynamic,0.0,21.61075577616505,283.4295117855072
dtlz3,3,20,64,smac3,0.0,5.011889165701202,280.08407330513
dtlz3,3,20,64,dynamic,0.0,5.999754763055626,284.20944237709045
dtlz3,3,20,65,baseline,0.0,1.0018655485069516,279.9587688446045
dtlz3,3,20,65,smac3,0.0,0.9994997858042249,282.60899209976196
dtlz3,3,20,65,dynamic,0.0,6.522555409999755,282.9169144630432
dtlz3,3,20,66,baseline,0.0,4.599750146328822,269.7794704437256
dtlz3,3,20,66,smac3,0.0,4.068513883663776,274.1900637149811
dtlz3,3,20,66,dynamic,0.0,3.0086642665056216,276.7414040565491
dtlz3,3,20,67,baseline,0.0,4.0920728134197,273.40656447410583
dtlz3,3,20,67,smac3,0.77345947402214,0.0002676127930656046,270.3460693359375
dtlz3,3,20,67,dynamic,0.0,15.993585458792401,278.7450919151306
dtlz3,3,20,68,smac3,0.7568441040842296,0.010090117641683681,274.96813797950745
dtlz3,3,20,68,baseline,0.0,15.991956022209449,277.7798709869385
dtlz3,3,20,68,dynamic,0.0,3.02059977172741,282.30879044532776
dtlz3,3,20,69,baseline,0.0,6.089753704199847,279.2850012779236
dtlz3,3,20,69,smac3,0.7738549890440115,0.0001432590724635179,279.270690202713
dtlz3,3,20,69,dynamic,0.0,5.101764937726489,278.1125431060791
dtlz4,2,10,42,baseline,0.4216210519069795,1.5016827725203422e-06,104.80183839797974
dtlz4,2,10,42,smac3,0.4216211807851766,1.2069657073414973e-06,105.85795569419861
dtlz4,2,10,42,dynamic,0.42162107992278647,1.942765289990189e-06,104.63774561882019
dtlz4,2,10,43,baseline,0.4216211345767252,1.431876489240132e-06,104.93452024459839
dtlz4,2,10,43,smac3,0.42162105651754817,1.2144899791933594e-06,105.98180484771729
dtlz4,2,10,43,dynamic,0.42162098256883246,2.5082142032042014e-06,106.34248900413513
dtlz4,2,10,44,baseline,0.42162106750052225,3.4042211609991694e-06,105.46632695198059
dtlz4,2,10,44,smac3,0.42162087498584344,2.4785049769766505e-06,105.65024518966675
dtlz3,3,20,70,baseline,0.0,7.999293448480296,273.6793403625488
dtlz3,3,20,70,smac3,0.0,1.1050326793620673,270.76996874809265
dtlz4,2,10,44,dynamic,0.4216212011389771,1.8279178775151492e-06,103.13943457603455
dtlz3,3,20,70,dynamic,0.0,10.011420905426965,267.51550459861755
dtlz4,2,10,45,baseline,0.10999998238315474,0.380672542719078,98.91279864311218
dtlz4,2,10,45,smac3,0.10999988424733322,0.3806726319334615,98.12248826026917
dtlz3,3,20,71,baseline,0.0,1.0047510641435893,261.23676466941833
dtlz4,2,10,45,dynamic,0.10999993321384288,0.3806725874184525,100.58418846130371
dtlz4,2,10,46,baseline,0.10999995174868296,0.380672570568598,100.25970125198364
dtlz4,2,10,46,smac3,0.1099999490696007,0.3806725730041271,98.46751236915588
dtlz4,2,10,46,dynamic,0.10999998337548302,0.38067254181696164,99.59695553779602
dtlz3,3,20,71,smac3,0.0,3.100240223923972,262.9297297000885
dtlz4,2,10,47,baseline,0.4216208594128357,1.3769650498580739e-06,103.91492867469788
dtlz3,3,20,71,dynamic,0.0,17.043836927478022,266.9129972457886
dtlz4,2,10,47,smac3,0.42162069426396026,3.293055374521857e-06,102.71862006187439
dtlz4,2,10,48,baseline,0.10999996464475127,0.3806725588448993,96.36846446990967
dtlz4,2,10,47,dynamic,0.4216209822149529,2.1947722015529414e-06,102.6334240436554
dtlz4,2,10,48,smac3,0.1099999656999937,0.38067255788558824,96.06082797050476
dtlz4,2,10,48,dynamic,0.1099998551146544,0.38067265841771486,98.14409446716309
dtlz4,2,10,49,baseline,0.10999994790746072,0.3806725740606181,95.54726362228394
dtlz4,2,10,49,smac3,0.4216208794391081,3.0308893830742875e-06,98.10340142250061
dtlz4,2,10,49,dynamic,0.4216206398251007,4.327454975513786e-06,101.19638061523438
dtlz4,2,10,50,baseline,0.10999993562683802,0.3806725852248206,97.6132550239563
dtlz4,2,10,50,smac3,0.42162051909755455,3.55908263954803e-06,99.79647970199585
dtlz4,2,10,51,baseline,0.10999996979547214,0.38067255416242585,97.02023839950562
dtlz4,2,10,50,dynamic,0.10999995133418179,0.3806725709454172,98.47150492668152
dtlz4,2,10,51,dynamic,0.1099999733473843,0.38067255093341495,95.11051225662231
dtlz4,2,10,51,smac3,0.42162105632314084,1.9943192781386703e-06,100.98748707771301
dtlz4,2,10,52,baseline,0.4216210909644621,1.8659539391851348e-06,101.77901911735535
dtlz4,2,10,52,smac3,0.42162118280330696,1.9089713016212087e-06,98.91604852676392
dtlz4,2,10,52,dynamic,0.42162105177021536,1.6421458716731928e-06,103.18581199645996
dtlz4,2,10,53,baseline,0.4216212291926458,1.947411140887184e-06,98.92376351356506
dtlz4,2,10,53,smac3,0.4216208707571444,5.71521056792914e-06,101.15745091438293
dtlz4,2,10,53,dynamic,0.42162102031623433,2.1648218767993973e-06,100.30782866477966
dtlz4,2,10,54,baseline,0.42162047185906637,2.7332236216013777e-06,98.46858358383179
dtlz4,2,10,54,smac3,0.4216211118037592,1.310502717327024e-06,101.41954779624939
dtlz4,2,10,54,dynamic,0.10999996747817915,0.3806725562690559,97.88551092147827
dtlz4,2,10,55,baseline,0.10999997288958487,0.3806725513495962,96.75761151313782
dtlz4,2,10,55,smac3,0.10999996357857869,0.38067255981414716,98.14285063743591
dtlz4,2,10,55,dynamic,0.10999995454566963,0.3806725680258828,97.8403651714325
dtlz4,2,10,56,baseline,0.10999996911694848,0.3806725547792656,95.00549006462097
dtlz4,2,10,56,smac3,0.1099999643541132,0.3806725591091157,97.78823399543762
dtlz4,2,10,56,dynamic,0.1099999415197573,0.38067257986762115,97.13919186592102
dtlz4,2,10,57,baseline,0.4216206380378872,3.0641522555023485e-06,98.33446717262268
dtlz4,2,10,57,dynamic,0.4216210836285216,1.639965504107794e-06,99.40553021430969
dtlz4,2,10,57,smac3,0.42162117920091297,1.3379244324879488e-06,100.8956127166748
dtlz4,2,10,58,baseline,0.421620910774094,2.0821483989562654e-06,100.81580328941345
dtlz4,2,10,58,smac3,0.42162097189248254,2.6590372517367154e-06,99.30278182029724
dtlz4,2,10,58,dynamic,0.42162061115882243,4.619048427638086e-06,99.66516518592834
dtlz4,2,10,59,baseline,0.10999995982674866,0.38067256322490184,98.06629490852356
dtlz4,2,10,59,smac3,0.10999995033682493,0.38067257185210523,97.5360541343689
dtlz4,2,10,59,dynamic,0.10999990292744116,0.380672614951545,97.67193341255188
dtlz4,2,10,60,baseline,0.42162109722485414,2.0696412355348317e-06,101.22918128967285
dtlz4,2,10,60,smac3,0.4216211171992338,1.3283869874753335e-06,100.90110731124878
dtlz4,2,10,60,dynamic,0.42162098438887474,2.143461575930007e-06,100.1961874961853
dtlz4,2,10,61,baseline,0.4216211921253157,1.2566458632012658e-06,101.29063367843628
dtlz4,2,10,61,smac3,0.4216208261972756,1.9057591774479278e-06,101.30508494377136
dtlz4,2,10,61,dynamic,0.4216060831366978,0.00011452790511752284,95.88932299613953
dtlz4,2,10,62,baseline,0.4216212432830006,1.241083942017753e-06,99.0946536064148
dtlz4,2,10,62,smac3,0.42162110647748546,1.197614997564629e-06,101.36121201515198
dtlz4,2,10,62,dynamic,0.10999994870372048,0.3806725733367456,98.69849300384521
dtlz4,2,10,63,baseline,0.4216212237550732,1.2727464794911085e-06,99.39214396476746
dtlz4,2,10,63,smac3,0.4216211547527839,1.5287455964137429e-06,98.29356646537781
dtlz4,2,10,63,dynamic,0.10999998152969355,0.380672543494952,98.29275894165039
dtlz4,2,10,64,smac3,0.109999939215071,0.3806725819627907,96.28921580314636
dtlz4,2,10,64,baseline,0.10999997096496378,0.38067255309925174,98.25247836112976
dtlz4,2,10,64,dynamic,0.10999990545757449,0.38067261265142377,97.85507369041443
dtlz4,2,10,65,baseline,0.42162118771318485,1.2963891838416922e-06,100.9398443698883
dtlz4,2,10,65,smac3,0.42162099490810473,2.113701467654458e-06,99.69133996963501
dtlz4,2,10,65,dynamic,0.4216209174580179,1.3457719765432178e-06,102.23022484779358
dtlz4,2,10,66,baseline,0.4216210988316295,1.7090128114373871e-06,101.6909863948822
dtlz4,2,10,66,smac3,0.4216212058922707,1.3637994876194194e-06,99.79363083839417
dtlz4,2,10,66,dynamic,0.10999995993528221,0.3806725631262349,96.49055814743042
dtlz4,2,10,67,baseline,0.4216206990083368,1.986474842112011e-06,101.72727680206299
dtlz4,2,10,67,smac3,0.421621060771273,1.728752138219147e-06,101.71274137496948
dtlz4,2,10,67,dynamic,0.4216198442544621,7.38436397368698e-06,99.80607032775879
dtlz4,2,10,68,baseline,0.42162123874083796,1.4172273706396807e-06,98.7001543045044
dtlz4,2,10,68,smac3,0.42162104705304937,1.551261922506809e-06,102.11579751968384
dtlz4,2,10,69,baseline,0.10999990357225992,0.38067261436534605,98.71250104904175
dtlz4,2,10,68,dynamic,0.421620270199917,3.5697738649282365e-06,100.03244090080261
dtlz4,2,10,69,smac3,0.10999989575792385,0.3806726214692878,98.75128316879272
dtlz4,2,10,70,baseline,0.10999990824755633,0.3806726101150767,97.06873488426208
dtlz4,2,10,69,dynamic,0.4216208503329802,2.877563563257858e-06,102.9728696346283
dtlz4,2,10,70,smac3,0.4216211406262506,3.500860944365301e-06,101.33639001846313
dtlz4,2,10,70,dynamic,0.4216210311840753,1.922252334315897e-06,102.32665085792542
dtlz4,2,10,71,baseline,0.421620795807188,2.7631640866010504e-06,100.17342162132263
dtlz4,2,10,71,smac3,0.4216211340559349,1.2133162805282363e-06,100.21391987800598
dtlz4,2,10,71,dynamic,0.4216211584335097,2.0968030046991946e-06,102.79418349266052
dtlz4,2,20,42,smac3,0.4219122917427996,2.207896089048076e-06,187.03572988510132
dtlz4,2,20,42,baseline,0.4219122125281566,1.99998368646744e-06,189.23418879508972
dtlz4,2,20,42,dynamic,0.421911436597213,2.03968668019306e-06,189.94540333747864
dtlz4,2,20,43,dynamic,0.10999921906041082,0.3754588004619666,184.48995852470398
dtlz4,2,20,43,baseline,0.10999961154773925,0.37545844365530434,185.8675754070282
dtlz4,2,20,43,smac3,0.10999995455564965,0.3754581318299311,185.77223348617554
dtlz4,2,20,44,baseline,0.10999967948848306,0.37545838189099157,186.43544340133667
dtlz4,2,20,44,smac3,0.421912174308671,3.2860126761594893e-06,186.7764012813568
dtlz4,2,20,44,dynamic,0.1099993574051825,0.37545867469399213,189.7759075164795
dtlz4,2,20,45,baseline,0.4219123223835799,1.291281801163012e-06,188.5016484260559
dtlz4,2,20,45,smac3,0.42191227172910795,1.1031961116219215e-06,190.33216071128845
dtlz4,2,20,45,dynamic,0.4219114548338045,3.2288531163639894e-06,190.2108039855957
dtlz4,2,20,46,baseline,0.4219120974555197,1.8807985819523694e-06,188.25633788108826
dtlz4,2,20,46,smac3,0.42191261446598827,8.724638776925599e-07,191.88006830215454
dtlz4,2,20,46,dynamic,0.42191187003253566,1.9765789058616755e-06,190.89068961143494
dtlz4,2,20,47,baseline,0.421912291282078,9.402973736108604e-07,189.6911380290985
dtlz4,2,20,47,smac3,0.42191259046026164,5.561825267734165e-07,187.79460215568542
dtlz4,2,20,48,baseline,0.10999947774444237,0.3754585652946648,186.62568187713623
dtlz4,2,20,48,smac3,0.42191215442547997,2.1637946321342e-06,189.87932920455933
dtlz4,2,20,47,dynamic,0.42191119726428267,1.9439561185945966e-06,192.10193371772766
dtlz4,2,20,49,baseline,0.42191196267153597,1.8257017938487086e-06,187.74031853675842
dtlz4,2,20,48,dynamic,0.42191104655836703,7.588478545198176e-06,193.09404611587524
dtlz4,2,20,49,smac3,0.4219122829062406,9.06249305335194e-07,190.63974618911743
dtlz4,2,20,49,dynamic,0.10999963470161739,0.37545842260632434,188.3372519016266
dtlz4,2,20,50,baseline,0.42191198257830975,3.0373606332932065e-06,190.46706295013428
dtlz4,2,20,50,smac3,0.10999989334303407,0.37545818747776327,186.82666492462158
dtlz4,2,20,50,dynamic,0.10999956935630249,0.3754584820111556,185.9537811279297
dtlz4,2,20,51,baseline,0.10999959330119734,0.37545846024306934,190.25054287910461
dtlz4,2,20,51,dynamic,0.10999948962449294,0.37545855449461935,188.00195264816284
dtlz4,2,20,51,smac3,0.42191239339535797,1.934418319487268e-06,188.94998168945312
dtlz4,2,20,52,baseline,0.42191240717105855,9.114702202604347e-07,189.11419558525085
dtlz4,2,20,52,smac3,0.4219123375800743,1.0947881343424015e-06,192.2138512134552
dtlz4,2,20,53,baseline,0.42191216751749594,1.4050007640380283e-06,189.131694316864
dtlz4,2,20,52,dynamic,0.4219122456425355,1.3701523001941423e-06,195.2274911403656
dtlz4,2,20,53,smac3,0.4219124709729019,9.90036989005503e-07,190.15978145599365
dtlz4,2,20,53,dynamic,0.4219113605456813,2.138362137426811e-06,195.96644234657288
dtlz4,2,20,54,baseline,0.42191127885889684,3.6425332752078546e-06,191.6836290359497
dtlz4,2,20,54,smac3,0.421912362135113,1.1273137086664321e-06,191.0721411705017
dtlz4,2,20,54,dynamic,0.42191123270621395,3.863593608514766e-06,195.87116742134094
dtlz4,2,20,55,baseline,0.42191141037095087,1.6195376894081449e-06,189.56597757339478
dtlz4,2,20,55,smac3,0.4219125102871739,9.945105897050384e-07,189.51376676559448
dtlz4,2,20,55,dynamic,0.42191169914401455,2.0918982870150277e-06,195.99414467811584
dtlz4,2,20,56,baseline,0.10999958368089004,0.3754584689888041,186.50100874900818
dtlz4,2,20,56,smac3,0.42191216402492626,1.1206061590975715e-06,188.54670357704163
dtlz4,2,20,56,dynamic,0.10999946490442068,0.375458576967412,185.75940799713135
dtlz4,2,20,57,baseline,0.42191169271130596,8.707333698903694e-07,189.73675155639648
dtlz4,2,20,57,smac3,0.4219123653335154,5.92616989775297e-07,188.02665162086487
dtlz4,2,20,58,baseline,0.42191214562692286,1.9198657272482483e-06,187.569260597229
dtlz4,2,20,57,dynamic,0.4219122361579285,1.560108709472553e-06,193.3310604095459
dtlz4,2,20,58,smac3,0.42191237945161425,1.069893085972788e-06,190.70010042190552
dtlz4,2,20,59,baseline,0.10999960587224658,0.37545844881484286,186.8176612854004
dtlz4,2,20,58,dynamic,0.4219117000996172,1.0890795625795718e-06,194.66451859474182
dtlz4,2,20,59,smac3,0.10999992816535001,0.3754581558211128,187.9426257610321
dtlz4,2,20,59,dynamic,0.4219121453901104,2.2184293647757433e-06,190.35734057426453
dtlz4,2,20,60,baseline,0.10999978718328708,0.3754582839866247,185.8822033405304
dtlz4,2,20,60,smac3,0.10999984354616478,0.3754582327476448,191.80147218704224
dtlz4,2,20,60,dynamic,0.10999951551121596,0.3754585309612346,189.54722094535828
dtlz4,2,20,61,baseline,0.42191119563509866,2.832500632007197e-06,188.67007422447205
dtlz4,2,20,61,smac3,0.42191235460884374,1.0153514149144337e-06,189.18619775772095
dtlz4,2,20,62,baseline,0.42191089313026403,1.9980304120155528e-06,189.94057488441467
dtlz4,2,20,61,dynamic,0.4219122389181224,1.1301577045463418e-06,195.9464988708496
dtlz4,2,20,62,smac3,0.4219121467796749,1.1268597601161853e-06,189.4451606273651
dtlz4,2,20,62,dynamic,0.10999974641823994,0.3754583210457579,190.59588408470154
dtlz4,2,20,63,baseline,0.421912481024453,8.639739117907388e-07,193.14845180511475
dtlz4,2,20,63,smac3,0.42191241293049603,7.45607868399131e-07,192.9278163909912
dtlz4,2,20,63,dynamic,0.42191184816169336,2.0811561365759826e-06,195.26140022277832
dtlz4,2,20,64,baseline,0.4219125102197281,8.2689131823494e-07,191.5572488307953
dtlz4,2,20,64,smac3,0.42191254104919385,7.455222112289368e-07,188.91759634017944
dtlz4,2,20,64,dynamic,0.4219119095044223,3.2680325997162694e-06,191.47368717193604
dtlz4,2,20,65,baseline,0.42191215536892995,1.7576672608880005e-06,192.31742572784424
dtlz4,2,20,66,baseline,0.10999977835358615,0.3754582920136255,185.4900028705597
dtlz4,2,20,65,smac3,0.4219123150086544,6.42917028477899e-07,190.30666518211365
dtlz4,2,20,65,dynamic,0.4219120934161516,1.4729612751559588e-06,191.50920724868774
dtlz4,2,20,66,smac3,0.10999983985295428,0.37545823610510903,185.85580897331238
dtlz4,2,20,66,dynamic,0.10999965801388126,0.3754584014133567,189.34356999397278
dtlz4,2,20,67,baseline,0.42191175895372224,1.2160728652835939e-06,187.23058199882507
dtlz4,2,20,67,smac3,0.4219120465897893,1.2215442731370606e-06,188.18948221206665
dtlz4,2,20,67,dynamic,0.42191149693425817,2.3263784013257627e-06,193.9741015434265
dtlz4,2,20,68,baseline,0.4219118492515931,1.0544354964624567e-06,190.40673446655273
dtlz4,2,20,68,smac3,0.4219124811639725,7.125823998887176e-07,189.67564272880554
dtlz4,2,20,68,dynamic,0.1099993857095773,0.3754586489627241,187.71331214904785
dtlz4,2,20,69,baseline,0.10999947248291034,0.375458570077876,182.7165973186493
dtlz4,2,20,69,smac3,0.4219123660750995,1.592578915050356e-06,186.5397675037384
dtlz4,2,20,69,dynamic,0.10999930418359326,0.37545872307725553,187.819020986557
dtlz4,3,10,42,baseline,0.7656456784269258,1.0597107734917127e-05,151.81160712242126
dtlz4,2,20,70,baseline,0.10999983925497883,0.37545823664872296,182.87005591392517
dtlz4,2,20,70,smac3,0.10999989172653904,0.3754581889473045,186.2535433769226
dtlz4,2,20,70,dynamic,0.10999967448563082,0.375458386439039,184.4597315788269
dtlz4,2,20,71,baseline,0.10999963115087835,0.3754584258342687,184.3157193660736
dtlz4,3,10,42,smac3,0.7656461917211876,8.946222716592226e-06,152.5585105419159
dtlz4,3,10,42,dynamic,0.7656454286567798,1.3672231697154596e-05,155.26642084121704
dtlz4,3,10,43,baseline,0.462221785822577,0.225677667805774,154.21546053886414
dtlz4,2,20,71,dynamic,0.10999908880489463,0.37545891887607236,184.37189149856567
dtlz4,2,20,71,smac3,0.10999990362879355,0.3754581781270732,186.90306878089905
dtlz4,3,10,43,smac3,0.7656469638052914,1.0769059681704887e-05,153.02921271324158
dtlz4,3,10,43,dynamic,0.7656463734921564,1.4215118642075055e-05,153.6370506286621
dtlz4,3,10,44,baseline,0.7656453891922601,2.3396062555658022e-05,150.80223894119263
dtlz4,3,10,44,smac3,0.7656459474205344,9.702784748405518e-06,156.3277473449707
dtlz4,3,10,44,dynamic,0.7656460701895695,1.3942761752158677e-05,157.6537265777588
dtlz4,3,10,45,baseline,0.46229113472469624,0.22806820637929456,153.61330270767212
dtlz4,3,10,45,smac3,0.46244022621030756,0.22806795280186115,154.61326026916504
dtlz4,3,10,45,dynamic,0.46212092773363034,0.22806841063805702,155.72288370132446
dtlz4,3,10,46,baseline,0.1209999916950308,0.5234510937599903,150.87755942344666
dtlz4,3,10,46,smac3,0.7656460882699874,9.811738122861538e-06,155.69618487358093
dtlz4,3,10,46,dynamic,0.12099999637659388,0.5234510898909296,153.77605819702148
dtlz4,3,10,47,smac3,0.4623705126396947,0.22567741642673184,152.95795607566833
dtlz4,3,10,47,baseline,0.7656459380958319,8.540842249095332e-06,155.30951619148254
dtlz4,3,10,47,dynamic,0.7656461436867282,1.2782662048348564e-05,157.6228051185608
dtlz4,3,10,48,baseline,0.4622189821060964,0.2256776239736302,155.8141622543335
dtlz4,3,10,48,smac3,0.462368116465147,0.22567744860514652,153.1487672328949
dtlz4,3,10,48,dynamic,0.12099996758258078,0.5234511136876343,149.72665286064148
dtlz4,3,10,49,baseline,0.7656465911991736,1.1357504422122593e-05,155.82869124412537
dtlz4,3,10,49,dynamic,0.7656461450660151,1.6721026300083938e-05,155.16360712051392
dtlz4,3,10,49,smac3,0.7656458163277935,9.244425195638374e-06,156.14330458641052
dtlz4,3,10,50,smac3,0.1209999961603366,0.5234510900696546,151.66341853141785
dtlz4,3,10,50,baseline,0.12099999158519044,0.5234510938507673,154.42105293273926
dtlz4,3,10,50,dynamic,0.46243739865981887,0.22806808774091292,156.66417360305786
dtlz4,3,10,51,baseline,0.12099998619490544,0.5234510983055483,154.45163941383362
dtlz4,3,10,51,smac3,0.12099998816280526,0.5234510966791848,153.18209958076477
dtlz4,3,10,51,dynamic,0.12099996066541542,0.5234511194043006,152.09576296806335
dtlz4,3,10,52,baseline,0.7656465552053084,9.620259922550123e-06,155.23854613304138
dtlz4,3,10,52,smac3,0.7656458478041337,1.0585972991594642e-05,155.59631896018982
dtlz4,3,10,53,baseline,0.765645968209158,9.775499403859025e-06,151.96847414970398
dtlz4,3,10,52,dynamic,0.7656459407783459,1.3177463716390501e-05,159.6660602092743
dtlz4,3,10,53,smac3,0.7656461371770376,1.0017294172197419e-05,153.4026505947113
dtlz4,3,10,53,dynamic,0.7656473867413899,2.0450868257536817e-05,160.1282238960266
dtlz4,3,10,54,baseline,0.765646235527953,9.990375873424893e-06,153.42115259170532
dtlz4,3,10,54,smac3,0.7656464023057465,1.0208364748937723e-05,156.53784465789795
dtlz4,3,10,54,dynamic,0.46237879750696514,0.2256773902008846,157.36168432235718
dtlz4,3,10,55,baseline,0.4622920268258408,0.22806808366637285,156.72499465942383
dtlz4,3,10,55,smac3,0.4624404184698154,0.22806797619428082,155.41760182380676
dtlz4,3,10,56,smac3,0.7656458584231489,1.6706667112465166e-05,153.93559956550598
dtlz4,3,10,56,baseline,0.46222261137889953,0.22567774122319995,157.38577365875244
dtlz4,3,10,55,dynamic,0.7656458662172074,1.1184342011142714e-05,160.72812747955322
dtlz4,3,10,56,dynamic,0.12099998420121237,0.5234510999532284,155.339772939682
dtlz4,3,10,57,baseline,0.7656457508451708,1.059038492820478e-05,157.60845637321472
dtlz4,3,10,57,smac3,0.7656464127152812,1.0869318206934498e-05,153.62835836410522
dtlz4,3,10,58,baseline,0.7656460962023045,1.0195005963873268e-05,153.47684574127197
dtlz4,3,10,57,dynamic,0.7656459767017552,1.1925210538415603e-05,160.2366647720337
dtlz4,3,10,58,smac3,0.7656458281318439,1.0104064405139437e-05,158.25067925453186
dtlz4,3,10,58,dynamic,0.7656459811232121,1.339033536601922e-05,157.0864975452423
dtlz4,3,10,59,baseline,0.4623746924737865,0.22567769141213692,158.19785499572754
dtlz4,3,10,59,smac3,0.7656460319144739,1.1410474419975946e-05,154.53246641159058
dtlz4,3,10,59,dynamic,0.7656454044086036,2.1274633068803587e-05,159.70665454864502
dtlz4,3,10,60,baseline,0.4623056023475672,0.2280681433359205,155.91884422302246
dtlz4,3,10,60,smac3,0.46245550305551025,0.22806799884110812,153.6904158592224
dtlz4,3,10,60,dynamic,0.7656466803939377,3.739034851580787e-05,158.95805168151855
dtlz4,3,10,61,baseline,0.46228986501219277,0.2280682752153445,158.37397360801697
dtlz4,3,10,61,smac3,0.7656460458484954,1.247440915394318e-05,157.4220836162567
dtlz4,3,10,61,dynamic,0.7656457838235038,1.2941258025785597e-05,161.17441034317017
dtlz4,3,10,62,baseline,0.7656459152544972,1.0125363680336367e-05,153.67449688911438
dtlz4,3,10,62,smac3,0.7656461226798467,1.0332242769788309e-05,154.9764688014984
dtlz4,3,10,62,dynamic,0.7656463581463343,1.1057210253653358e-05,161.16718244552612
dtlz4,3,10,63,baseline,0.7656458827062935,9.584401095654376e-06,157.671777009964
dtlz4,3,10,63,smac3,0.765646333741042,9.927414451389786e-06,154.25934410095215
dtlz4,3,10,64,baseline,0.7656453015037139,2.5275846378440255e-05,155.16650009155273
dtlz4,3,10,63,dynamic,0.7656466065048584,1.270085142701169e-05,160.33244848251343
dtlz4,3,10,64,smac3,0.46236997193955565,0.225677357909486,156.17092561721802
dtlz4,3,10,64,dynamic,0.46238576409347326,0.22567740143912893,157.20144629478455
dtlz4,3,10,65,baseline,0.76564607774292,9.876593118699581e-06,154.03431725502014
dtlz4,3,10,65,smac3,0.7656457634844798,8.963509789591797e-06,157.74900078773499
dtlz4,3,10,65,dynamic,0.7656458454120343,1.2217992040431536e-05,159.51973342895508
dtlz4,3,10,66,baseline,0.462290980587817,0.22806815063006666,158.42267894744873
dtlz4,3,10,66,dynamic,0.7656460035429755,3.3870116556089215e-05,154.86131310462952
dtlz4,3,10,66,smac3,0.46244044319289607,0.22806794753599546,158.00724959373474
dtlz4,3,10,67,baseline,0.7656460938680242,9.757592947384978e-06,154.84403157234192
dtlz4,3,10,67,smac3,0.7656458331512368,1.0652849893098458e-05,156.5547399520874
dtlz4,3,10,67,dynamic,0.7656459295602344,1.3347472291963626e-05,158.9284691810608
dtlz4,3,10,68,baseline,0.4622186565308942,0.22567796831719764,152.31411981582642
dtlz4,3,10,68,smac3,0.7656462884492896,9.391876416784955e-06,155.48808908462524
dtlz4,3,10,68,dynamic,0.4622474623963608,0.22567767228952854,159.9628143310547
dtlz4,3,10,69,smac3,0.7656457315272677,9.692438360493802e-06,153.95111083984375
dtlz4,3,10,69,baseline,0.7656449228989787,9.976191511569753e-06,156.20910692214966
dtlz4,3,10,69,dynamic,0.46247746061682465,0.22806999465191505,156.1729817390442
dtlz4,3,10,70,baseline,0.7656457081708498,1.0297158942308154e-05,156.91042304039001
dtlz4,3,10,70,smac3,0.7656459980452237,9.785137986933491e-06,156.9641456604004
dtlz4,3,10,70,dynamic,0.7656459426752241,1.3197331144488525e-05,160.15030932426453
dtlz4,3,10,71,baseline,0.7656452285274462,9.99325585752075e-06,152.66526436805725
dtlz4,3,10,71,smac3,0.7656462155410102,9.322640635876479e-06,158.32214331626892
dtlz4,3,10,71,dynamic,0.462336041749285,0.22567745229256939,156.29472160339355
dtlz4,3,20,42,baseline,0.773875488000574,7.921528996278823e-06,264.8070616722107
dtlz4,3,20,42,smac3,0.7738757617103412,7.1479234175752196e-06,266.83022952079773
dtlz4,3,20,42,dynamic,0.4639086847443857,0.22770188327780597,269.15178298950195
dtlz4,3,20,43,baseline,0.46367870982152126,0.228345008779447,265.4023690223694
dtlz4,3,20,43,smac3,0.4639122412489973,0.2277020342139489,270.48218154907227
dtlz4,3,20,44,baseline,0.7738759658803641,7.0698138480710134e-06,270.4062204360962
dtlz4,3,20,43,dynamic,0.7738754914354731,1.1461552582290847e-05,270.6735236644745
dtlz4,3,20,44,smac3,0.7738759078637482,7.90265011898764e-06,267.5102984905243
dtlz4,3,20,44,dynamic,0.7738744372925754,1.2878000306696105e-05,274.6604514122009
dtlz4,3,20,45,baseline,0.7738763166400855,8.201188091674687e-06,271.92473888397217
dtlz4,3,20,45,dynamic,0.46398503496034654,0.2277019564077029,268.40547156333923
dtlz4,3,20,45,smac3,0.7738759922772243,8.028095701832049e-06,271.3212742805481
dtlz4,3,20,46,smac3,0.7738758590140714,6.795943566727743e-06,265.26898217201233
dtlz4,3,20,46,baseline,0.7738752260919581,7.747214666347612e-06,271.0826325416565
dtlz4,3,20,46,dynamic,0.46322789517481266,0.22770342705378377,277.8863866329193
dtlz4,3,20,47,baseline,0.46385237863654594,0.22770220431243046,272.6792230606079
dtlz4,3,20,47,smac3,0.46390514723420223,0.2277019532873681,265.23822355270386
dtlz4,3,20,47,dynamic,0.4637465842368428,0.22770210137437444,267.7272050380707
dtlz4,3,20,49,baseline,0.12099950248331753,0.5262100341230302,262.5867097377777
dtlz4,3,20,48,dynamic,0.7738761612198206,1.1736303307717566e-05,267.8219313621521
dtlz4,3,20,48,smac3,0.4639128313541808,0.227701848114347,268.22745990753174
dtlz4,3,20,48,baseline,0.7738747865144878,8.12400765667026e-06,268.3227062225342
dtlz4,3,20,50,baseline,0.7738761766958439,9.6577735599954e-06,260.9875752925873
dtlz4,3,20,49,smac3,0.4639134922249284,0.22770191006795926,266.4992661476135
dtlz4,3,20,50,smac3,0.7738763332328529,8.265187876717604e-06,268.6306965351105
dtlz4,3,20,49,dynamic,0.4639931157884534,0.22770186906432813,271.77133345603943
dtlz4,3,20,50,dynamic,0.46382481389334906,0.22770204457200782,265.6899778842926
dtlz4,3,20,51,baseline,0.46367922164844216,0.22834506516252745,268.1332004070282
dtlz4,3,20,51,smac3,0.4639123445655594,0.2277021001591669,268.1666667461395
dtlz4,3,20,51,dynamic,0.4637040684796687,0.2283449951359457,275.3501880168915
dtlz4,3,20,52,baseline,0.12099987238334305,0.5262097284205285,262.4737641811371
dtlz4,3,20,52,smac3,0.4639136921076636,0.22770180829725079,264.477162361145
dtlz4,3,20,53,baseline,0.7738760028589865,8.668523745234837e-06,263.27833676338196
dtlz4,3,20,52,dynamic,0.4638746767480575,0.22770189438589658,268.7845227718353
dtlz4,3,20,53,smac3,0.7738761743196839,7.565777939219362e-06,267.6205847263336
dtlz4,3,20,53,dynamic,0.4637786220938014,0.22834513505946902,273.8646697998047
dtlz4,3,20,54,baseline,0.7738760557762088,1.7087987370552714e-05,262.6451270580292
dtlz4,3,20,54,smac3,0.773876038576505,7.683562707894966e-06,268.1634912490845
dtlz4,3,20,55,smac3,0.7738761043262645,7.452101068967246e-06,263.1328980922699
dtlz4,3,20,55,baseline,0.7738754831567525,7.416587012587324e-06,266.26122641563416
dtlz4,3,20,54,dynamic,0.7738755766244694,1.0224039950988087e-05,274.3370769023895
dtlz4,3,20,55,dynamic,0.7738760769965085,1.1448678373381633e-05,271.5135746002197
dtlz4,3,20,56,baseline,0.7738761967701007,7.427902641599147e-06,269.68932342529297
dtlz4,3,20,56,smac3,0.7738763481308341,7.561483037296799e-06,269.2661814689636
dtlz4,3,20,56,dynamic,0.7738751603551165,1.1361748824692915e-05,266.32073950767517
dtlz4,3,20,57,baseline,0.7738759515382119,7.0366804371037505e-06,265.61904764175415
dtlz4,3,20,57,smac3,0.7738759372808794,7.896950912001495e-06,264.89820671081543
dtlz4,3,20,57,dynamic,0.7738758352958757,1.1506330394564729e-05,266.1126561164856
dtlz4,3,20,58,baseline,0.463856299223943,0.22770192641279863,266.34975576400757
dtlz4,3,20,58,dynamic,0.7738750503224205,1.398057529680349e-05,263.73104071617126
dtlz4,3,20,58,smac3,0.7738757605288802,1.052301267219728e-05,268.0138738155365
dtlz4,3,20,59,smac3,0.7738664101231203,8.723066028346557e-05,263.5136251449585
dtlz4,3,20,59,baseline,0.7738756328838288,8.256682383444072e-06,267.19490361213684
dtlz4,3,20,59,dynamic,0.46391197743075313,0.22770186803611228,270.88980197906494
dtlz4,3,20,60,baseline,0.12099930079343042,0.5262102008088861,268.23167729377747
dtlz4,3,20,60,smac3,0.1209997914750168,0.5262097952869139,267.33640456199646
dtlz4,3,20,60,dynamic,0.12099961467797846,0.5262099414001685,269.71218633651733
dtlz4,3,20,61,baseline,0.7738760846964298,7.939974379951856e-06,270.65633845329285
dtlz4,3,20,61,smac3,0.7738759254710231,7.138738153425171e-06,264.4545888900757
dtlz4,3,20,61,dynamic,0.7738754939346258,1.0565349366007393e-05,268.6879394054413
dtlz4,3,20,62,smac3,0.7738760933842032,7.507572571576585e-06,265.78859853744507
dtlz4,3,20,62,baseline,0.773875429121059,7.638496889850824e-06,267.2259347438812
dtlz4,3,20,63,baseline,0.7738741169661636,1.1241447997728348e-05,264.4180133342743
dtlz4,3,20,62,dynamic,0.7738758397619392,1.1844812950195558e-05,273.38381838798523
dtlz4,3,20,63,smac3,0.7738752309739072,7.149685786546288e-06,269.71762251853943
dtlz4,3,20,63,dynamic,0.7738757516763839,1.8191636722644437e-05,265.9276945590973
dtlz4,3,20,64,baseline,0.46385845786196206,0.22834495851517006,268.99160385131836
dtlz4,3,20,64,smac3,0.7738759635601065,7.668791462907016e-06,270.99276757240295
dtlz4,3,20,64,dynamic,0.7738757228771921,1.3489284582996761e-05,272.5204963684082
dtlz4,3,20,65,baseline,0.7738759355367618,7.579186502391599e-06,272.2209506034851
dtlz4,3,20,65,smac3,0.7738761009422587,7.214805805730665e-06,267.7992672920227
dtlz4,3,20,65,dynamic,0.4637173849907663,0.2283450740212884,272.12963008880615
dtlz4,3,20,66,baseline,0.7738757842821724,7.487712487664189e-06,261.0244565010071
dtlz4,3,20,66,smac3,0.7738758117034965,7.538076171674995e-06,262.1164689064026
dtlz4,3,20,67,baseline,0.12099988568123769,0.5262097174305328,259.63645124435425
dtlz4,3,20,66,dynamic,0.12099943452549668,0.5262100902865182,261.4138674736023
dtlz4,3,20,67,smac3,0.12099974221419617,0.5262098359983366,259.54153275489807
dtlz4,3,20,67,dynamic,0.120999694153439,0.5262098757179701,266.34225964546204
dtlz4,3,20,68,baseline,0.7738753237111384,8.260209172712072e-06,264.30149269104004
dtlz4,3,20,68,smac3,0.7738739783940601,1.3276990292389757e-05,259.3366403579712
dtlz4,3,20,68,dynamic,0.46391038605535273,0.2277019817713817,266.52504682540894
dtlz4,3,20,69,baseline,0.7738756124600581,7.527562372568569e-06,264.6112051010132
dtlz4,3,20,69,smac3,0.773876170989404,7.172463634398621e-06,263.39176177978516
dtlz4,3,20,69,dynamic,0.12099960919616108,0.5262099459305961,266.45874309539795
dtlz5,2,10,42,baseline,0.4216204350245081,0.0014138434958663624,105.49602127075195
dtlz5,2,10,42,smac3,0.421621018749138,0.0014138321880864933,106.47243070602417
dtlz5,2,10,43,baseline,0.42162044799248893,0.001413889438272196,104.85101389884949
dtlz5,2,10,42,dynamic,0.4216205341502722,0.001413859674789483,108.10424160957336
dtlz5,2,10,43,smac3,0.42162117729883514,0.0014137964424818647,106.47508192062378
dtlz5,2,10,43,dynamic,0.421619916326792,0.0014139648809249558,107.7355420589447
dtlz5,2,10,44,baseline,0.42162096841545443,0.0014138115117801897,106.64658284187317
dtlz5,2,10,44,smac3,0.4216201625773577,0.001413861297950747,107.26529359817505
dtlz4,3,20,70,baseline,0.7738760703440783,7.152760252092294e-06,261.89461755752563
dtlz5,2,10,44,dynamic,0.4216188387584144,0.0014140636133299703,105.71147298812866
dtlz5,2,10,45,smac3,0.42162087934800774,0.0014138310635772088,105.03711771965027
dtlz5,2,10,45,baseline,0.4216199348369989,0.0014139466314459885,106.31182646751404
dtlz4,3,20,70,smac3,0.7738762794034321,7.227232549127682e-06,261.5451157093048
dtlz4,3,20,70,dynamic,0.4636994544564023,0.22834500332944907,258.60009694099426
dtlz5,2,10,45,dynamic,0.42162089434992317,0.0014138257893140196,107.989253282547
dtlz5,2,10,46,baseline,0.4216203863664947,0.0014137999468276257,106.41939973831177
dtlz4,3,20,71,baseline,0.12099990012554618,0.5262097054930887,254.96528697013855
dtlz5,2,10,46,smac3,0.4216203829417567,0.0014138138296676535,105.86275029182434
dtlz4,3,20,71,smac3,0.12099984709207791,0.5262097493224009,256.6853473186493
dtlz5,2,10,46,dynamic,0.42162097021161465,0.0014138085082596571,106.6751651763916
dtlz4,3,20,71,dynamic,0.4637063573164762,0.22834504167216266,259.1728217601776
dtlz5,2,10,47,baseline,0.4216205974034318,0.0014139176386135858,106.29472923278809
dtlz5,2,10,47,smac3,0.4216211859386571,0.001413834783195577,105.93124413490295
dtlz5,2,10,47,dynamic,0.4216205617299256,0.0014137949262220306,103.23320150375366
dtlz5,2,10,48,baseline,0.42162070194786316,0.0014136915284540727,102.42082738876343
dtlz5,2,10,48,smac3,0.4216210885680231,0.001413882421437413,103.45083546638489
dtlz5,2,10,49,baseline,0.42162073274360534,0.0014138742952483532,101.86230182647705
dtlz5,2,10,48,dynamic,0.42161978516874477,0.001413844753005393,105.47905421257019
dtlz5,2,10,49,smac3,0.42162091091011994,0.0014138511111559345,104.48114776611328
dtlz5,2,10,49,dynamic,0.4216211850980719,0.0014138103990057264,104.78682732582092
dtlz5,2,10,50,baseline,0.42162084098336455,0.0014138575967724573,103.0476324558258
dtlz5,2,10,50,smac3,0.4216203562442769,0.0014138336854121133,104.33808922767639
dtlz5,2,10,50,dynamic,0.4216208628065379,0.0014137959267593759,102.91452741622925
dtlz5,2,10,51,smac3,0.42162028864556855,0.0014139598307147008,102.58544850349426
dtlz5,2,10,51,baseline,0.42162079032617505,0.0014138198897991584,103.20290875434875
dtlz5,2,10,51,dynamic,0.4216205069638893,0.0014139231572090948,105.35068941116333
dtlz5,2,10,52,baseline,0.4216209978580464,0.0014138336938740578,103.13138103485107
dtlz5,2,10,52,smac3,0.4216211646832743,0.0014138631063878642,102.75726532936096
dtlz5,2,10,52,dynamic,0.4216192728329706,0.001413750789737345,103.08013939857483
dtlz5,2,10,53,smac3,0.42162105037455455,0.001413776728299264,102.05228757858276
dtlz5,2,10,53,baseline,0.42162017072333335,0.0014138264667782497,103.61823582649231
dtlz5,2,10,53,dynamic,0.4216209384827886,0.001413815295900523,105.9329423904419
dtlz5,2,10,54,baseline,0.4216210169639717,0.0014138630599181809,104.6594009399414
dtlz5,2,10,54,dynamic,0.4216207579042203,0.0014138696552887452,104.5653510093689
dtlz5,2,10,54,smac3,0.42162018932224277,0.0014138388988002278,105.16336989402771
dtlz5,2,10,55,smac3,0.42162021505197145,0.0014138122913661911,102.97333669662476
dtlz5,2,10,55,baseline,0.42162086242939123,0.0014137323111383041,105.10154318809509
dtlz5,2,10,55,dynamic,0.42162072630221387,0.001413811224070258,103.62929177284241
dtlz5,2,10,56,baseline,0.4216206565183048,0.0014138973258008404,104.11386466026306
dtlz5,2,10,56,smac3,0.421621115583675,0.0014138306718274895,105.09853410720825
dtlz5,2,10,56,dynamic,0.42162042240844,0.0014139695211466536,105.48014235496521
dtlz5,2,10,57,baseline,0.4216208647163052,0.00141380032699806,102.25124478340149
dtlz5,2,10,57,smac3,0.4216208596634866,0.0014138662364181678,102.6571614742279
dtlz5,2,10,57,dynamic,0.4216202263696472,0.0014138107847181329,102.49588394165039
dtlz5,2,10,58,baseline,0.42162061430685166,0.0014138418356329228,103.16905999183655
dtlz5,2,10,58,smac3,0.421621014515444,0.0014138033662673985,105.35426926612854
dtlz5,2,10,58,dynamic,0.4216202402263059,0.0014139902973261096,105.33102297782898
dtlz5,2,10,59,baseline,0.421621142681664,0.001413816505367497,102.98124241828918
dtlz5,2,10,59,smac3,0.421620314456787,0.0014137894438827465,104.19053316116333
dtlz5,2,10,59,dynamic,0.42162052241171916,0.0014138212531645605,103.7854995727539
dtlz5,2,10,60,baseline,0.4216211232480269,0.0014138131990333157,104.6168475151062
dtlz5,2,10,60,smac3,0.4216210251572249,0.0014138108596899717,102.6562852859497
dtlz5,2,10,60,dynamic,0.4216204940523866,0.0014137123799495095,105.49636030197144
dtlz5,2,10,61,baseline,0.4216210054957764,0.001413726462080442,104.74809622764587
dtlz5,2,10,61,smac3,0.4216209658741685,0.0014136941539306177,104.80038452148438
dtlz5,2,10,61,dynamic,0.42162112518128025,0.0014138475666183134,102.52358412742615
dtlz5,2,10,62,baseline,0.4216211309139965,0.0014138346630411598,102.35257363319397
dtlz5,2,10,62,smac3,0.4216210432739794,0.0014138638629957124,101.88313007354736
dtlz5,2,10,62,dynamic,0.4216208018767121,0.0014138433146289417,104.80781769752502
dtlz5,2,10,63,baseline,0.421620632249736,0.001413828904308471,105.276371717453
dtlz5,2,10,63,smac3,0.42162102197010465,0.0014138263185400955,105.12343406677246
dtlz5,2,10,63,dynamic,0.4216204666463685,0.001413857053662028,103.80013132095337
dtlz5,2,10,64,baseline,0.42162100506577266,0.0014138587246606096,104.95762944221497
dtlz5,2,10,64,smac3,0.42162022843871044,0.0014138486806857355,103.53859543800354
dtlz5,2,10,65,baseline,0.4216209842970422,0.0014138436664629206,102.75150489807129
dtlz5,2,10,64,dynamic,0.4216208665265648,0.001413742771356062,106.02302241325378
dtlz5,2,10,65,smac3,0.42162074333382266,0.0014138495350864205,104.74012517929077
dtlz5,2,10,65,dynamic,0.42162095525244825,0.0014138135635588607,106.23119759559631
dtlz5,2,10,66,baseline,0.4216203684463594,0.001413827608753574,104.94292974472046
dtlz5,2,10,66,smac3,0.42162103967433046,0.0014137862278109756,103.23690032958984
dtlz5,2,10,67,baseline,0.42162046390771757,0.0014138040316947972,101.26855039596558
dtlz5,2,10,66,dynamic,0.42162002363346934,0.0014138776657950907,103.38184452056885
dtlz5,2,10,67,smac3,0.42162121282988135,0.0014138596643895553,104.71351218223572
dtlz5,2,10,67,dynamic,0.42162051994213723,0.0014138206661069644,106.29787349700928
dtlz5,2,10,68,baseline,0.42162093028059366,0.0014137910909008827,105.63707375526428
dtlz5,2,10,68,smac3,0.42162115128278815,0.0014138657415880835,103.02623891830444
dtlz5,2,10,68,dynamic,0.4216195680206612,0.0014137939756262744,106.08920979499817
dtlz5,2,10,69,baseline,0.4216208718357215,0.001413874310532141,103.5287013053894
dtlz5,2,10,69,smac3,0.4216211399008617,0.001413818588088152,102.35076951980591
dtlz5,2,10,69,dynamic,0.4216208395143858,0.0014137177748817695,105.24651455879211
dtlz5,2,10,70,baseline,0.4216203277070041,0.0014139812163646759,104.87502980232239
dtlz5,2,10,70,smac3,0.421620882338447,0.0014138072919322763,105.13516354560852
dtlz5,2,10,70,dynamic,0.42161915140357803,0.0014138761809376478,105.976815700531
dtlz5,2,10,71,baseline,0.42162110528205277,0.0014137749767153132,103.51937818527222
dtlz5,2,10,71,smac3,0.4216211739641452,0.0014137577166426659,103.31475925445557
dtlz5,2,10,71,dynamic,0.42162051642321813,0.0014138445319879865,105.1142361164093
dtlz5,2,20,42,baseline,0.4219105874623063,0.0012673932455311153,195.7869415283203
dtlz5,2,20,42,smac3,0.42191232311896115,0.0012666422559881392,199.2710554599762
dtlz5,2,20,43,baseline,0.42191212964382774,0.00126652005491724,195.79878091812134
dtlz5,2,20,42,dynamic,0.4219107446795078,0.0012671256483117218,202.40479946136475
dtlz5,2,20,43,smac3,0.4219124289969612,0.0012664861559214136,197.7260239124298
dtlz5,2,20,44,baseline,0.42191113045218276,0.0012671969416343286,195.81644773483276
dtlz5,2,20,43,dynamic,0.42191074564455866,0.0012669823415520413,199.7865240573883
dtlz5,2,20,44,smac3,0.4219125996887182,0.00126647911311484,198.5337519645691
dtlz5,2,20,44,dynamic,0.42191198799134605,0.0012665631706043172,201.7363874912262
dtlz5,2,20,45,baseline,0.42191192199500505,0.0012666103506261243,198.67115211486816
dtlz5,2,20,45,smac3,0.4219112137834745,0.0012671874474112636,198.9096395969391
dtlz5,2,20,45,dynamic,0.4219116259594311,0.0012665857140864627,198.46180653572083
dtlz5,2,20,46,baseline,0.4219110525356239,0.0012666158963742726,195.51016330718994
dtlz5,2,20,46,smac3,0.42191222471390916,0.0012666398285159244,195.76569604873657
dtlz5,2,20,46,dynamic,0.42191191833925024,0.0012665964386099431,201.1105237007141
dtlz5,2,20,47,smac3,0.4219123192087386,0.0012665363803858237,197.2286126613617
dtlz5,2,20,47,baseline,0.42191094925363193,0.0012673328562533108,200.41690635681152
dtlz5,2,20,48,smac3,0.4219110736279285,0.0012671717859717622,196.1308150291443
dtlz5,2,20,48,baseline,0.42191198717793743,0.0012667275057469593,199.14905333518982
dtlz5,2,20,47,dynamic,0.421911833303318,0.0012667072854674688,203.7072775363922
dtlz5,2,20,48,dynamic,0.4219113957859947,0.001266566287269703,199.51608610153198
dtlz5,2,20,49,baseline,0.4219121459266495,0.0012666496466974594,199.07017350196838
dtlz5,2,20,49,smac3,0.4219125181046125,0.0012665685787953984,198.42270970344543
dtlz5,2,20,49,dynamic,0.4219110967226098,0.0012668326569386158,202.94975018501282
dtlz5,2,20,50,baseline,0.42191207077238757,0.0012664762131109248,198.669016122818
dtlz5,2,20,50,smac3,0.4219118813802433,0.0012667485253972893,196.32555556297302
dtlz5,2,20,51,baseline,0.42191227941476067,0.001266501635566938,196.02763104438782
dtlz5,2,20,50,dynamic,0.42191141772085533,0.0012671074076462808,199.49963688850403
dtlz5,2,20,51,smac3,0.4219121957191469,0.001266589565624138,198.14749908447266
dtlz5,2,20,51,dynamic,0.4219112677106079,0.0012670074442935647,199.87421822547913
dtlz5,2,20,52,baseline,0.4219124379117572,0.0012664709398855485,198.96902465820312
dtlz5,2,20,52,smac3,0.4219122158015039,0.0012666037060227316,195.35014390945435
dtlz5,2,20,53,baseline,0.4219120364055489,0.0012665654410209406,198.1385247707367
dtlz5,2,20,53,smac3,0.42191175933425795,0.001266738079485364,196.20984268188477
dtlz5,2,20,52,dynamic,0.42191041926111705,0.0012660827289551974,202.56776404380798
dtlz5,2,20,53,dynamic,0.4219111387035208,0.0012671610463383168,201.14457821846008
dtlz5,2,20,54,baseline,0.4219115980072033,0.0012669354396252432,197.22866797447205
dtlz5,2,20,54,smac3,0.42191251976244576,0.0012664521391014816,198.04412484169006
dtlz5,2,20,54,dynamic,0.4219109621779219,0.0012669336327326565,201.6641023159027
dtlz5,2,20,55,baseline,0.42191230540011887,0.0012665056902990593,195.8051519393921
dtlz5,2,20,55,smac3,0.4219120818586023,0.0012665978438373966,196.57990550994873
dtlz5,2,20,55,dynamic,0.4219123969738829,0.0012663326034635949,198.65563654899597
dtlz5,2,20,56,baseline,0.4219105647090539,0.001267197985327689,198.3250823020935
dtlz5,2,20,56,smac3,0.42191210879470525,0.001266585049926735,196.7721471786499
dtlz5,2,20,57,baseline,0.42191257028290463,0.0012664661019833015,196.9675750732422
dtlz5,2,20,56,dynamic,0.42191180918153787,0.0012664864429663178,202.65197920799255
dtlz5,2,20,57,smac3,0.4219123069086667,0.0012663510399523114,199.48350858688354
dtlz5,2,20,57,dynamic,0.4219092971221817,0.001267632883536089,200.44051146507263
dtlz5,2,20,58,baseline,0.42191237879788257,0.00126660815037516,199.74504828453064
dtlz5,2,20,58,smac3,0.4219122006152232,0.0012665237930571697,199.36255168914795
dtlz5,2,20,58,dynamic,0.42191139935356586,0.0012665608383985887,202.30487847328186
dtlz5,2,20,59,baseline,0.42191160671374134,0.001266710272366422,200.22892546653748
dtlz5,2,20,59,smac3,0.4219123782175635,0.0012665807572014257,199.39715576171875
dtlz5,2,20,59,dynamic,0.4219125262385877,0.0012665057960492307,198.97380757331848
dtlz5,2,20,60,baseline,0.4219110901344184,0.0012669158551650876,196.6666967868805
dtlz5,2,20,60,smac3,0.4219120721040679,0.0012666375067648217,196.07437109947205
dtlz5,2,20,60,dynamic,0.42191216524578284,0.0012664781054098676,200.58014249801636
dtlz5,2,20,61,baseline,0.421912426668516,0.0012665359659226108,196.68879985809326
dtlz5,2,20,61,smac3,0.421911620094265,0.0012666847155677807,195.40927147865295
dtlz5,2,20,62,baseline,0.4219121854602473,0.0012666200924017891,197.98984050750732
dtlz5,2,20,61,dynamic,0.42191120102660123,0.0012666049724964269,203.04326581954956
dtlz5,2,20,62,smac3,0.42191199177935784,0.0012664749911574253,196.69576716423035
dtlz5,2,20,62,dynamic,0.4219117515290653,0.0012667373779198608,201.85892009735107
dtlz5,2,20,63,baseline,0.4219124764336664,0.0012665022189776779,198.32828283309937
dtlz5,2,20,63,smac3,0.421912645084883,0.0012664652087512147,198.60372471809387
dtlz5,2,20,63,dynamic,0.4219123064660196,0.0012664154192638581,201.53169751167297
dtlz5,2,20,64,baseline,0.4219123883165182,0.001266537706738515,197.845769405365
dtlz5,2,20,64,smac3,0.4219125478209303,0.0012665409300534917,196.42444682121277
dtlz5,2,20,65,baseline,0.4219121572309524,0.0012665338689221367,195.99089312553406
dtlz5,2,20,64,dynamic,0.4219081377315489,0.0012685838608060052,199.5676293373108
dtlz5,2,20,65,smac3,0.421912494402161,0.0012665418708794488,198.8159852027893
dtlz5,2,20,66,baseline,0.42191266407891476,0.001266439146077965,196.5733358860016
dtlz5,2,20,65,dynamic,0.4219119425705868,0.001266730331513064,199.88037967681885
dtlz5,2,20,67,baseline,0.42191223416394424,0.0012665350934316655,196.59606266021729
dtlz5,2,20,66,smac3,0.4219116412041783,0.0012666733930967041,198.91611695289612
dtlz5,2,20,66,dynamic,0.4219119152460113,0.001266752663797121,204.2282555103302
dtlz5,2,20,67,smac3,0.4219123049551673,0.0012665837960037396,199.610036611557
dtlz5,2,20,67,dynamic,0.42191098916164854,0.0012670625901359403,201.28302574157715
dtlz5,2,20,68,baseline,0.42191204593563475,0.0012666881703436489,199.01659488677979
dtlz5,2,20,68,smac3,0.4219124528708217,0.0012664835956500363,198.26297330856323
dtlz5,2,20,68,dynamic,0.421910277971706,0.0012674239290852462,203.43375086784363
dtlz5,2,20,69,baseline,0.42191227249308294,0.0012665534771956618,196.14657640457153
dtlz5,2,20,69,smac3,0.42191214461222176,0.0012665324488887295,195.9112093448639
dtlz5,2,20,69,dynamic,0.42191143167607875,0.001266466732322504,199.33753275871277
dtlz5,3,10,42,baseline,0.43095920056472625,0.006414110020904013,162.1958019733429
dtlz5,3,10,42,smac3,0.43421916342203637,0.004305860686006945,161.87560296058655
dtlz5,3,10,42,dynamic,0.43096228742726417,0.006266845597800553,164.68676733970642
dtlz5,2,20,70,baseline,0.42191252423274245,0.0012665649995057063,201.69815802574158
dtlz5,2,20,70,smac3,0.4219107831776585,0.0012664015487387466,198.44650077819824
dtlz5,2,20,70,dynamic,0.42191252790883144,0.0012664952932595276,202.3643217086792
dtlz5,3,10,43,baseline,0.4309566226618479,0.0064137296230462855,162.84990334510803
dtlz5,2,20,71,baseline,0.42191208635970645,0.0012667441607795878,199.58684849739075
dtlz5,2,20,71,smac3,0.42191195026388617,0.0012666615840091805,203.4875078201294
dtlz5,3,10,43,smac3,0.4342812328217619,0.004255633704387757,162.0350058078766
dtlz5,2,20,71,dynamic,0.42191218109736534,0.0012663776307667947,208.51756072044373
dtlz5,3,10,43,dynamic,0.431185755104165,0.006248928551053029,160.661634683609
dtlz5,3,10,44,baseline,0.4309588992027924,0.0064130895480337576,158.51976132392883
dtlz5,3,10,44,smac3,0.43428138506416814,0.004255228292956376,156.82878232002258
dtlz5,3,10,44,dynamic,0.4305137585661306,0.006644996669296888,164.49192595481873
dtlz5,3,10,45,baseline,0.4309582509434835,0.006414124141358523,165.3444323539734
dtlz5,3,10,46,baseline,0.4309569464283061,0.0064155495299774105,160.88308954238892
dtlz5,3,10,45,smac3,0.43428176324328327,0.004255109774177491,166.11554741859436
dtlz5,3,10,45,dynamic,0.4315686966498074,0.006088740774425591,167.49327087402344
dtlz5,3,10,46,smac3,0.43428178039468046,0.004255211456968887,162.8809778690338
dtlz5,3,10,46,dynamic,0.4307671314390945,0.00648461448762128,167.26465463638306
dtlz5,3,10,47,baseline,0.4309588417452083,0.0064144027343499875,164.7196717262268
dtlz5,3,10,47,smac3,0.43421906232135443,0.004305838142860865,162.11146903038025
dtlz5,3,10,47,dynamic,0.43317326761149877,0.005080135952226039,166.86520218849182
dtlz5,3,10,48,smac3,0.43428172577583596,0.004254860034994126,160.90610527992249
dtlz5,3,10,48,baseline,0.4309551764753511,0.00641332953090575,165.0923957824707
dtlz5,3,10,48,dynamic,0.42704752017277237,0.008340504486249551,163.6504409313202
dtlz5,3,10,49,baseline,0.43095599938822005,0.0064147920676619775,160.69768452644348
dtlz5,3,10,49,smac3,0.43428170480160866,0.004255428930832971,161.11322236061096
dtlz5,3,10,50,baseline,0.43095496686271284,0.006413858270310083,160.43377876281738
dtlz5,3,10,49,dynamic,0.4289684095615268,0.007430829430062242,165.40096473693848
dtlz5,3,10,51,baseline,0.43095867294230117,0.006413795351747988,159.16221952438354
dtlz5,3,10,50,smac3,0.4342830504791534,0.0042547302563319105,164.2558617591858
dtlz5,3,10,50,dynamic,0.4301885812038998,0.006853422002505449,164.54338908195496
dtlz5,3,10,51,smac3,0.4342819439502403,0.004255139022510571,163.146733045578
dtlz5,3,10,52,baseline,0.43095805700332696,0.006415057527175291,160.01512455940247
dtlz5,3,10,51,dynamic,0.4299312545631223,0.0070130972777195455,165.18930196762085
dtlz5,3,10,52,smac3,0.4342821816786922,0.0042547012552774655,162.48615050315857
dtlz5,3,10,52,dynamic,0.4318621858879538,0.005884432360710921,161.4162621498108
dtlz5,3,10,53,baseline,0.43095776908629146,0.006413881677940453,161.86767387390137
dtlz5,3,10,53,smac3,0.4342818208989462,0.004254892640351599,160.04681420326233
dtlz5,3,10,53,dynamic,0.4294868921550036,0.007142855768961102,161.3318703174591
dtlz5,3,10,54,baseline,0.4309478811767137,0.006414130953396406,160.5158495903015
dtlz5,3,10,54,smac3,0.4342820588860262,0.004255020037573639,159.6682767868042
dtlz5,3,10,55,baseline,0.4309477987179142,0.00641463842738834,158.47768902778625
dtlz5,3,10,54,dynamic,0.4313705605846935,0.006149901344744765,165.69239020347595
dtlz5,3,10,55,smac3,0.43428186705100386,0.004255083741596794,162.77855491638184
dtlz5,3,10,55,dynamic,0.4269798297115834,0.008430943017954702,164.07120990753174
dtlz5,3,10,56,smac3,0.4342819836428027,0.0042551239594787425,160.32088112831116
dtlz5,3,10,56,baseline,0.4309595711032058,0.0064135132911956405,161.34667325019836
dtlz5,3,10,56,dynamic,0.42994506483065287,0.006959120315942113,164.78776741027832
dtlz5,3,10,57,baseline,0.4309587961154244,0.006414168777544464,161.61679601669312
dtlz5,3,10,57,smac3,0.43428231676356377,0.004254432199599674,158.48181223869324
dtlz5,3,10,57,dynamic,0.43380067758633384,0.004640247606600235,165.15762639045715
dtlz5,3,10,58,baseline,0.43095749091318497,0.006414483773698586,158.6710011959076
dtlz5,3,10,58,smac3,0.43428197226785065,0.004254881976794663,159.80556535720825
dtlz5,3,10,58,dynamic,0.42995374450940077,0.007008757028022821,162.94485068321228
dtlz5,3,10,59,baseline,0.43095924471166935,0.0064134611981822714,159.43933176994324
dtlz5,3,10,59,smac3,0.4342817983889102,0.004255102471360374,159.52563190460205
dtlz5,3,10,60,baseline,0.43095726762144854,0.006413886140455468,162.00414395332336
dtlz5,3,10,59,dynamic,0.4264636758442984,0.008677317218828267,164.93210625648499
dtlz5,3,10,60,smac3,0.4342821150216386,0.004254805309177624,161.30472326278687
dtlz5,3,10,61,baseline,0.43095554763990385,0.006413962626764832,161.8977472782135
dtlz5,3,10,60,dynamic,0.4313576581799975,0.006113188358259686,162.06733512878418
dtlz5,3,10,61,smac3,0.4342816403057331,0.004255434634636311,161.64090538024902
dtlz5,3,10,61,dynamic,0.42987588363410506,0.007050376074937336,164.65278482437134
dtlz5,3,10,62,baseline,0.4309554186319082,0.006414101404121504,159.45182180404663
dtlz5,3,10,62,smac3,0.43428148087750407,0.004255332529226501,162.56519436836243
dtlz5,3,10,62,dynamic,0.4342007719455226,0.004241229118858766,161.5363109111786
dtlz5,3,10,63,baseline,0.43095609335029844,0.006414151079046125,160.16184997558594
dtlz5,3,10,63,smac3,0.4342815888170954,0.0042551252990440545,162.20554900169373
dtlz5,3,10,63,dynamic,0.42877247915887345,0.007566544665419439,161.9515507221222
dtlz5,3,10,64,baseline,0.43095815699483797,0.006413652957293817,159.2584252357483
dtlz5,3,10,64,smac3,0.43428161366434237,0.00425507583246105,160.62879729270935
dtlz5,3,10,65,baseline,0.43095666322630005,0.006414059494471711,161.97324633598328
dtlz5,3,10,64,dynamic,0.42992403525353917,0.007033934270946847,165.01668119430542
dtlz5,3,10,65,dynamic,0.42992276516588424,0.007030901535064849,161.9243986606598
dtlz5,3,10,65,smac3,0.43428164879509595,0.004255128504189394,162.82393527030945
dtlz5,3,10,66,baseline,0.4309566728128238,0.006413838741658849,162.53846430778503
dtlz5,3,10,66,dynamic,0.42812039333104335,0.007888233823809517,160.02935552597046
dtlz5,3,10,66,smac3,0.4342821291262343,0.004254878858839816,162.7533721923828
dtlz5,3,10,67,smac3,0.43428150322795755,0.004255347472836591,160.3954827785492
dtlz5,3,10,67,baseline,0.4309519273730553,0.006413919115939972,162.09514594078064
dtlz5,3,10,67,dynamic,0.43085167369248223,0.006507307098372291,161.80141282081604
dtlz5,3,10,68,baseline,0.43095083508901455,0.0064138226541992594,161.26589179039001
dtlz5,3,10,68,smac3,0.4342815368080157,0.0042550362958609835,159.50696468353271
dtlz5,3,10,68,dynamic,0.42964659766366486,0.007140446592152297,162.72336053848267
dtlz5,3,10,69,baseline,0.43095905495351583,0.006413922973334795,163.59191346168518
dtlz5,3,10,69,smac3,0.43428157828204544,0.004255236508530589,162.54735445976257
dtlz5,3,10,69,dynamic,0.4326777582004515,0.005330410679275759,166.4976508617401
dtlz5,3,10,70,baseline,0.43095994031527285,0.006412740470679574,160.75969052314758
dtlz5,3,10,70,smac3,0.4342820419728135,0.004254984794889108,162.30487084388733
dtlz5,3,10,71,baseline,0.4309576614734787,0.006414181325130139,159.31862568855286
dtlz5,3,10,70,dynamic,0.4307812913956349,0.006524473395964722,164.47527933120728
dtlz5,3,10,71,smac3,0.43428162037530327,0.004255081590111831,162.9946162700653
dtlz5,3,10,71,dynamic,0.43162809052244067,0.005970886515529961,163.5258846282959
dtlz5,3,20,42,smac3,0.43093790293440504,0.006558124553307442,268.8820495605469
dtlz5,3,20,42,baseline,0.42877950961656774,0.007621968545535976,273.3470895290375
dtlz5,3,20,43,baseline,0.4287783408875088,0.007622009702950093,274.98395228385925
dtlz5,3,20,42,dynamic,0.4287726702962083,0.00762804346081477,280.75101709365845
dtlz5,3,20,43,smac3,0.4309348700804672,0.006560379395324024,273.60059881210327
dtlz5,3,20,44,baseline,0.42877984400415015,0.007621786709630127,275.48165225982666
dtlz5,3,20,44,smac3,0.43093484830157996,0.00655982502687373,274.5511507987976
dtlz5,3,20,43,dynamic,0.42932596430447095,0.007272050712022755,284.21260261535645
dtlz5,3,20,45,smac3,0.430936056799421,0.006558790689678365,271.60508823394775
dtlz5,3,20,45,baseline,0.4287743682517754,0.0076242171790268385,277.50805735588074
dtlz5,3,20,44,dynamic,0.4284889614548929,0.007793375368035317,280.6278545856476
dtlz5,3,20,45,dynamic,0.4293654383665905,0.007244223954735124,279.1084260940552
dtlz5,3,20,46,baseline,0.4287762764653618,0.0076215376591292185,276.36493468284607
dtlz5,3,20,46,smac3,0.43093490735110407,0.00655979917885341,270.60749888420105
dtlz5,3,20,47,baseline,0.4287774744294735,0.00762239084800497,275.7366361618042
dtlz5,3,20,46,dynamic,0.42915100630856295,0.00737596604774391,279.397234916687
dtlz5,3,20,47,smac3,0.4309362671215367,0.0065589888269164875,273.34139037132263
dtlz5,3,20,48,baseline,0.4287778956112444,0.0076227847148509645,271.9344062805176
dtlz5,3,20,47,dynamic,0.42850936488447744,0.007781769213140095,280.0742609500885
dtlz5,3,20,48,smac3,0.4309351389383964,0.006559302489760642,272.46353030204773
dtlz5,3,20,49,smac3,0.430932736157897,0.006561478667512485,270.02130150794983
dtlz5,3,20,49,baseline,0.4287757124044585,0.007624321867931775,275.2519178390503
dtlz5,3,20,50,baseline,0.4287766950343848,0.007623426058819965,273.3388569355011
dtlz5,3,20,48,dynamic,0.4284717706569162,0.007805412876299702,282.83904004096985
dtlz5,3,20,50,smac3,0.4309356618526171,0.006559262422286423,270.54538774490356
dtlz5,3,20,49,dynamic,0.428478211854029,0.007807287814192814,282.33330392837524
dtlz5,3,20,51,baseline,0.4287770495991908,0.007623404027664532,271.88710355758667
dtlz5,3,20,50,dynamic,0.4291661052288039,0.007384298588091623,281.0693817138672
dtlz5,3,20,51,smac3,0.4309355061048377,0.006559337196171877,274.1003782749176
dtlz5,3,20,51,dynamic,0.42851023400275917,0.007778356667674363,277.0292184352875
dtlz5,3,20,52,smac3,0.43093505361265355,0.006559277382840957,270.5364773273468
dtlz5,3,20,52,baseline,0.4287830321638346,0.007619794087800467,275.8226742744446
dtlz5,3,20,52,dynamic,0.428522254462385,0.007776073607742925,281.1130554676056
dtlz5,3,20,53,baseline,0.428778827711176,0.007622180409189714,276.12840151786804
dtlz5,3,20,53,smac3,0.43093576389746896,0.006559251424874574,270.45407795906067
dtlz5,3,20,54,baseline,0.42877835100528255,0.007623258027334234,275.0320088863373
dtlz5,3,20,54,smac3,0.43093575231206693,0.006559982434594466,275.3921957015991
dtlz5,3,20,53,dynamic,0.4285166064200937,0.0077735858826122025,284.85194635391235
dtlz5,3,20,55,smac3,0.43093446615075665,0.006560260619990102,271.63791036605835
dtlz5,3,20,55,baseline,0.4287795342289905,0.0076216092863187765,277.1698763370514
dtlz5,3,20,54,dynamic,0.4285471619390229,0.007759853752330918,278.59389305114746
dtlz5,3,20,55,dynamic,0.42851563711357404,0.0077924150594464265,283.91421461105347
dtlz5,3,20,56,smac3,0.4309369273441851,0.006558384226115544,273.1903533935547
dtlz5,3,20,56,baseline,0.4287769068862966,0.0076233885526264455,277.261118888855
dtlz5,3,20,57,baseline,0.42877966073307716,0.007622829584174796,275.764817237854
dtlz5,3,20,56,dynamic,0.428506031035979,0.0077778978043372545,281.03786277770996
dtlz5,3,20,57,smac3,0.43093630145559464,0.006558919155984114,274.28738236427307
dtlz5,3,20,58,baseline,0.42877658521501716,0.007623181569919444,271.96694326400757
dtlz5,3,20,58,smac3,0.43093604771097743,0.006559031772654457,272.46663665771484
dtlz5,3,20,57,dynamic,0.4284846998763869,0.007804821463734683,281.76113986968994
dtlz5,3,20,59,smac3,0.43093626731454454,0.00655915883121765,272.42737770080566
dtlz5,3,20,60,baseline,0.42877897424994815,0.007621552824595468,272.32652592658997
dtlz5,3,20,59,baseline,0.42877457844113354,0.007621501036466681,276.8440911769867
dtlz5,3,20,58,dynamic,0.4284930249765949,0.0077909166192337,283.94804978370667
dtlz5,3,20,59,dynamic,0.42880875100148225,0.007608341354014327,284.0508029460907
dtlz5,3,20,60,smac3,0.4309318386367943,0.006561477966921205,277.3323576450348
dtlz5,3,20,61,baseline,0.4287710675537387,0.007624859060638792,277.4234399795532
dtlz5,3,20,60,dynamic,0.4284832809264722,0.0077741783466391745,277.98098373413086
dtlz5,3,20,61,smac3,0.4309362841688196,0.006559164630748009,277.24994826316833
dtlz5,3,20,61,dynamic,0.43083680350959863,0.006655373341564457,278.35831689834595
dtlz5,3,20,62,baseline,0.42877913095343934,0.007622052857603569,275.36577224731445
dtlz5,3,20,62,smac3,0.43094345673570567,0.006554406182962158,272.9226770401001
dtlz5,3,20,63,baseline,0.428777845979892,0.0076210062802702545,275.72203516960144
dtlz5,3,20,62,dynamic,0.4284884499042701,0.007793282343946195,278.72903394699097
dtlz5,3,20,63,smac3,0.4309336060623167,0.006560507893468937,273.44056725502014
dtlz5,3,20,64,baseline,0.428779462766415,0.007621051101984946,276.29487109184265
dtlz5,3,20,63,dynamic,0.4286624668882843,0.007660079235287878,279.3231530189514
dtlz5,3,20,64,smac3,0.4309361645706503,0.0065589204629968294,277.6399624347687
dtlz5,3,20,64,dynamic,0.4285525221462241,0.007741915352734897,282.5386471748352
dtlz5,3,20,65,baseline,0.42878198581436755,0.007619826376956159,277.6071615219116
dtlz5,3,20,65,smac3,0.43093733257153477,0.006558098727573985,278.2983441352844
dtlz5,3,20,65,dynamic,0.4285277174800076,0.007770943426013377,279.41381764411926
dtlz5,3,20,66,smac3,0.43093624261663466,0.006559309784135521,271.16831946372986
dtlz5,3,20,66,baseline,0.4287820017517713,0.007619279117309006,277.9784324169159
dtlz5,3,20,67,baseline,0.4287777800706374,0.007622290784732444,271.5169551372528
dtlz5,3,20,66,dynamic,0.4309011433061709,0.006576416211068527,281.0293290615082
dtlz5,3,20,67,smac3,0.4309331050483069,0.006561332063478107,276.2290117740631
dtlz5,3,20,68,baseline,0.4287772600007644,0.0076238274142767974,274.1345591545105
dtlz5,3,20,67,dynamic,0.4284809309061548,0.0078014585143526445,280.1152503490448
dtlz5,3,20,68,smac3,0.43093598974247294,0.0065595554246169994,279.50507068634033
dtlz5,3,20,68,dynamic,0.4285593197041814,0.007743598146522668,279.18404626846313
dtlz5,3,20,69,baseline,0.42877796110010485,0.007621319060790669,278.1927092075348
dtlz5,3,20,69,smac3,0.4309359247727911,0.006559335779073454,276.553587436676
dtlz5,3,20,69,dynamic,0.42916864485780026,0.007377842571447976,282.09562826156616
wfg1,2,10,42,baseline,0.24439989985405036,0.920290436096202,103.6790828704834
wfg1,2,10,42,smac3,0.5429730813571281,0.4074831095084821,101.74615168571472
wfg1,2,10,42,dynamic,0.42188996628996994,0.5949069829473018,102.88368010520935
wfg1,2,10,43,baseline,0.5688488597421139,0.28814260030462113,103.1903030872345
wfg1,2,10,43,smac3,0.6038192259280821,0.24787332042301685,101.28124213218689
wfg1,2,10,43,dynamic,0.28273522546015045,0.8051598583755613,105.0522038936615
wfg1,2,10,44,baseline,0.4103872820706676,0.576761232957173,104.05331039428711
dtlz5,3,20,70,smac3,0.43093597925173577,0.006559193310543717,273.61078572273254
wfg1,2,10,44,smac3,0.6929931367928618,0.0876775722110537,104.37504386901855
dtlz5,3,20,70,baseline,0.42878331932652036,0.007616231140264182,282.0631763935089
wfg1,2,10,45,baseline,0.2678587552563874,0.9137253116198122,101.68117237091064
wfg1,2,10,44,dynamic,0.6789889247391946,0.12643701482285022,105.45711946487427
wfg1,2,10,45,smac3,0.6929829295016771,0.0943701640378692,102.49568343162537
wfg1,2,10,46,baseline,0.5853511932137103,0.26841609341997275,101.61225128173828
wfg1,2,10,45,dynamic,0.46842501281278126,0.4348359545950594,106.07957077026367
wfg1,2,10,46,smac3,0.6205126358243944,0.18412523030504027,104.11866688728333
wfg1,2,10,46,dynamic,0.6134102029628961,0.2218213879637783,104.071049451828
wfg1,2,10,47,baseline,0.5681296366465871,0.3319381537453174,102.95595526695251
wfg1,2,10,47,smac3,0.6050101441325291,0.2578549864242473,101.64129304885864
wfg1,2,10,47,dynamic,0.7144367244673927,0.0622775214565448,104.26208424568176
dtlz5,3,20,71,smac3,0.4309358670602407,0.006559302178756258,273.6633985042572
dtlz5,3,20,70,dynamic,0.428477447191736,0.007806329408068005,282.1590759754181
dtlz5,3,20,71,baseline,0.4287724612810354,0.007621176511095635,282.38501143455505
dtlz5,3,20,71,dynamic,0.4304472403311381,0.006761993077048853,288.7016839981079
wfg1,2,10,48,baseline,0.6412676886573865,0.20090632019030036,101.91421294212341
wfg1,2,10,48,smac3,0.5926714482058685,0.22490292338570034,104.68501353263855
wfg1,2,10,48,dynamic,0.36753951383900446,0.6374965671797513,102.86247658729553
wfg1,2,10,49,baseline,0.38133662800708856,0.7051349092869249,101.64566850662231
wfg1,2,10,49,smac3,0.5981268767640578,0.2573789760951406,105.35452365875244
wfg1,2,10,49,dynamic,0.5774326694482734,0.28073665753004406,105.52469277381897
wfg1,2,10,50,baseline,0.474746621185405,0.45734291158875595,104.79990816116333
wfg1,2,10,50,smac3,0.6785154413703522,0.10467894902597824,104.9599986076355
wfg1,2,10,50,dynamic,0.653972588625425,0.17042418821624952,105.26906657218933
wfg1,2,10,51,baseline,0.28901078582664375,0.9228452580694408,105.1900200843811
wfg1,2,10,51,smac3,0.47684120730715723,0.4386952457110838,104.17385840415955
wfg1,2,10,51,dynamic,0.4131330932762615,0.5254363941654235,105.5591230392456
wfg1,2,10,52,baseline,0.31475580515929874,0.7312615287569117,107.09340310096741
wfg1,2,10,52,smac3,0.5631468412939414,0.2804932576618734,109.82190656661987
wfg1,2,10,52,dynamic,0.44224682077364663,0.5580467368520373,105.61050987243652
wfg1,2,10,53,smac3,0.5385029544447378,0.3176028754379635,104.4956624507904
wfg1,2,10,53,baseline,0.48242283388133284,0.47393287671569284,109.06035590171814
wfg1,2,10,53,dynamic,0.4004701460245825,0.5380847943857515,109.46182799339294
wfg1,2,10,54,baseline,0.6345420611917891,0.1791214176368572,103.66017580032349
wfg1,2,10,54,smac3,0.6268649958875036,0.1925982295844562,108.37039136886597
wfg1,2,10,54,dynamic,0.5959265951671996,0.2603218725004997,109.16390085220337
wfg1,2,10,55,baseline,0.5681125082365133,0.2779569922371726,107.04424977302551
wfg1,2,10,55,smac3,0.7010570751776191,0.07711791192850449,104.8136465549469
wfg1,2,10,55,dynamic,0.44350349965980496,0.4844390317748277,108.33370423316956
wfg1,2,10,56,baseline,0.5107868749885865,0.376126816146011,104.57710528373718
wfg1,2,10,56,smac3,0.6439852514320802,0.15094894469419198,104.46600079536438
wfg1,2,10,56,dynamic,0.44573370992284855,0.49365274787116664,109.37318968772888
wfg1,2,10,57,baseline,0.36045126237963415,0.6458215939046629,106.86165761947632
wfg1,2,10,57,smac3,0.7212069219925515,0.056779759856743627,104.55024099349976
wfg1,2,10,57,dynamic,0.38641775482747626,0.5869614168021492,106.38788795471191
wfg1,2,10,58,baseline,0.6601381743239086,0.1295802956781099,107.40245366096497
wfg1,2,10,58,dynamic,0.5595012972376884,0.28501089580853634,105.55478358268738
wfg1,2,10,58,smac3,0.5991913030759174,0.23716933005892946,107.912930727005
wfg1,2,10,59,baseline,0.5263197709542925,0.37654669348736564,107.83238911628723
wfg1,2,10,59,smac3,0.5873506487832754,0.23282667886140526,106.87736201286316
wfg1,2,10,59,dynamic,0.6212310034903413,0.1824089566740413,107.9234972000122
wfg1,2,10,60,baseline,0.4971708725512185,0.4310499437045172,105.38502645492554
wfg1,2,10,60,smac3,0.566907900999094,0.31530346254507846,106.5079448223114
wfg1,2,10,60,dynamic,0.30443087535133867,0.7470202161093821,105.8023452758789
wfg1,2,10,61,baseline,0.41517193122047985,0.5748229271236237,105.05125379562378
wfg1,2,10,61,smac3,0.619118646080685,0.2268526866964208,107.31144905090332
wfg1,2,10,61,dynamic,0.46387573582497665,0.4505808723304665,107.33394050598145
wfg1,2,10,62,baseline,0.34106209578699226,0.7228879097418155,103.33926033973694
wfg1,2,10,62,smac3,0.5803912638970066,0.27573141990427613,103.28804564476013
wfg1,2,10,62,dynamic,0.4283617000106465,0.5066172901613837,107.09283399581909
wfg1,2,10,63,baseline,0.6647067190684303,0.14322328609126292,103.34218120574951
wfg1,2,10,63,smac3,0.6083528704814325,0.235606278254468,106.4440245628357
wfg1,2,10,63,dynamic,0.39484884886445554,0.5724722925265604,107.35968065261841
wfg1,2,10,64,baseline,0.39090655084019404,0.5828671898435637,105.15037679672241
wfg1,2,10,64,dynamic,0.28750159467800507,0.8206317267026236,105.76425623893738
wfg1,2,10,64,smac3,0.5656484652843395,0.27456798439217783,106.43573689460754
wfg1,2,10,65,smac3,0.7343817555371313,0.043483675883031085,104.28653454780579
wfg1,2,10,65,baseline,0.5066444985455756,0.4082332336879685,106.37105631828308
wfg1,2,10,65,dynamic,0.548318770548925,0.3397162707170642,105.63613057136536
wfg1,2,10,66,baseline,0.36842920035947735,0.6418115196410529,106.59700632095337
wfg1,2,10,66,smac3,0.7013760967518234,0.07767150293542653,106.7742977142334
wfg1,2,10,66,dynamic,0.24435987572802337,0.9045670565412665,104.24235510826111
wfg1,2,10,67,baseline,0.4424974121097006,0.4861362395568804,103.91651582717896
wfg1,2,10,67,smac3,0.550873215217781,0.3525128617884517,106.87066316604614
wfg1,2,10,67,dynamic,0.5451509546286583,0.30548720405286756,104.59337878227234
wfg1,2,10,68,baseline,0.3868695695526958,0.6674960373663714,106.52531671524048
wfg1,2,10,68,smac3,0.6210090769401698,0.2114966704197909,106.75836634635925
wfg1,2,10,68,dynamic,0.15743268689643236,1.1002479329664367,106.56539177894592
wfg1,2,10,69,baseline,0.32907061432250656,0.7229166098870484,104.28548002243042
wfg1,2,10,69,smac3,0.6266393212372573,0.1751644051225149,105.58586287498474
wfg1,2,10,69,dynamic,0.567448859223073,0.2632313200174186,104.62193560600281
wfg1,2,10,70,baseline,0.4070077535441231,0.6228917737950542,105.22516775131226
wfg1,2,10,70,smac3,0.6544208824316067,0.13870498817559965,104.30681872367859
wfg1,2,10,70,dynamic,0.40804280285150835,0.5759487059419763,108.07542991638184
wfg1,2,10,71,baseline,0.33650212399102963,0.7103743867620327,106.2477457523346
wfg1,2,10,71,smac3,0.7316394781927715,0.04461756298195255,103.56804752349854
wfg1,2,10,71,dynamic,0.5575866664832628,0.30578710948600196,104.72592782974243
wfg1,2,20,42,smac3,0.5324974348760001,0.36274314006637565,195.03775572776794
wfg1,2,20,42,baseline,0.4773818245202632,0.4941077034524221,200.11929321289062
wfg1,2,20,42,dynamic,0.628825569638683,0.24543804885144846,205.63078093528748
wfg1,2,20,43,baseline,0.6183075174898247,0.20881493109989716,200.23729610443115
wfg1,2,20,43,smac3,0.5109703634591185,0.38573762401940387,198.00642323493958
wfg1,2,20,44,baseline,0.4705051087635557,0.4396618379385316,198.24214911460876
wfg1,2,20,43,dynamic,0.44155572280443106,0.5156876424421408,204.24268579483032
wfg1,2,20,44,smac3,0.5886881727754226,0.29026949704570515,196.53883171081543
wfg1,2,20,45,baseline,0.6098425542978655,0.2425031069778834,197.45639848709106
wfg1,2,20,44,dynamic,0.4858993350215426,0.44613946017269296,206.96995306015015
wfg1,2,20,45,smac3,0.49542960086122856,0.4101536309685006,202.21832537651062
wfg1,2,20,45,dynamic,0.6484730771280887,0.22114882440848088,207.14279460906982
wfg1,2,20,46,baseline,0.5737841461431152,0.2791314122814243,196.5310559272766
wfg1,2,20,46,smac3,0.72411067602814,0.07715780915517137,198.52941513061523
wfg1,2,20,46,dynamic,0.4165274187044395,0.5544464896457629,202.42015266418457
wfg1,2,20,47,baseline,0.5762495264985261,0.2725654317773343,202.20726203918457
wfg1,2,20,47,smac3,0.617492649219189,0.23664045574442377,201.3811228275299
wfg1,2,20,48,baseline,0.3463356315566319,0.7085690960799951,199.9025056362152
wfg1,2,20,48,smac3,0.6364907893753342,0.1865822996328028,201.42158484458923
wfg1,2,20,49,baseline,0.508225677890283,0.4290422601611358,197.21896719932556
wfg1,2,20,47,dynamic,0.6131624138182352,0.23101982315695396,208.78930139541626
wfg1,2,20,49,smac3,0.6702352080247833,0.17338217108213863,198.34859466552734
wfg1,2,20,48,dynamic,0.6636058380424499,0.16896405910287474,205.58829617500305
wfg1,2,20,49,dynamic,0.3400874152115119,0.6652763518261695,205.74498915672302
wfg1,2,20,50,baseline,0.6300305169311016,0.2416278149425344,200.46902680397034
wfg1,2,20,50,smac3,0.5222350736976973,0.3724219255647741,201.35095071792603
wfg1,2,20,50,dynamic,0.5101491355372013,0.38955997636601125,201.00289463996887
wfg1,2,20,51,baseline,0.29738930758645804,0.7395740330231968,195.68823909759521
wfg1,2,20,51,smac3,0.30550308936679527,0.7318188454766283,195.5672323703766
wfg1,2,20,51,dynamic,0.45698275099172936,0.477788179804734,205.72215700149536
wfg1,2,20,52,baseline,0.6091402848428845,0.25970052879350636,199.96384644508362
wfg1,2,20,52,smac3,0.46961481645652753,0.44415122282743835,198.71433472633362
wfg1,2,20,53,baseline,0.6805714575041882,0.12370239881329516,196.78683280944824
wfg1,2,20,53,smac3,0.6076828259392333,0.2332272229726676,200.8629252910614
wfg1,2,20,54,baseline,0.5971433918834952,0.2988248079872768,196.87142515182495
wfg1,2,20,52,dynamic,0.4664505533522056,0.4682350556050617,206.25511813163757
wfg1,2,20,53,dynamic,0.4496857775382528,0.502792948890743,203.31426358222961
wfg1,2,20,54,smac3,0.6866693471457164,0.13042471701786784,199.32419848442078
wfg1,2,20,54,dynamic,0.4776642006462634,0.5004250443790526,206.21590185165405
wfg1,2,20,55,smac3,0.5292926052639189,0.35130615970189877,195.99563217163086
wfg1,2,20,55,baseline,0.6602305362044322,0.19027018086216513,200.36383605003357
wfg1,2,20,55,dynamic,0.4861145631038496,0.42856070018489034,201.31974911689758
wfg1,2,20,56,baseline,0.5308212467726652,0.3629291057209172,196.17385005950928
wfg1,2,20,56,smac3,0.6438879574544721,0.21345146810838206,201.0195758342743
wfg1,2,20,57,baseline,0.3231363607171719,0.6915751918661446,197.4673638343811
wfg1,2,20,56,dynamic,0.6546315341254114,0.18639568862092804,206.4916365146637
wfg1,2,20,57,smac3,0.6524348228108456,0.1631887825784477,197.70678663253784
wfg1,2,20,58,baseline,0.7233511482705859,0.07862170830956773,198.007750749588
wfg1,2,20,58,smac3,0.6511334419618926,0.17226037132214816,199.6050786972046
wfg1,2,20,57,dynamic,0.436426082861907,0.5140829405953797,206.2437858581543
wfg1,2,20,58,dynamic,0.37679273805381674,0.6873115822040151,203.01040863990784
wfg1,2,20,59,baseline,0.46428226060658334,0.4960170171139599,198.89985251426697
wfg1,2,20,59,smac3,0.6517246956457894,0.19701619888178168,199.62078714370728
wfg1,2,20,60,baseline,0.5737167624076469,0.32218868740131107,199.28012037277222
wfg1,2,20,59,dynamic,0.4627367327444306,0.4683077201338686,201.13319635391235
wfg1,2,20,60,smac3,0.649946784906125,0.17053652460353574,197.39753818511963
wfg1,2,20,60,dynamic,0.6004047718404724,0.2849291540236054,201.39161729812622
wfg1,2,20,61,baseline,0.5559493405444345,0.3161902830800404,200.06808495521545
wfg1,2,20,61,smac3,0.6205527890833992,0.22203240351890435,198.40190148353577
wfg1,2,20,62,baseline,0.4612521821710225,0.46700943696844005,196.41593742370605
wfg1,2,20,61,dynamic,0.42770792645722266,0.5296107948194552,204.96408987045288
wfg1,2,20,62,smac3,0.7297602593121172,0.0709093698395565,197.00517749786377
wfg1,2,20,63,baseline,0.5827960561482274,0.2867952105018104,199.65457320213318
wfg1,2,20,63,smac3,0.6653738880107865,0.16556149310474688,196.8921844959259
wfg1,2,20,62,dynamic,0.4992004652871686,0.4126851781310425,205.18230366706848
wfg1,2,20,63,dynamic,0.46465186363210814,0.4638813520886121,204.0084466934204
wfg1,2,20,64,baseline,0.4031296517669456,0.5831329604391683,198.6164586544037
wfg1,2,20,64,smac3,0.5415610164286866,0.32566943746918897,198.7730507850647
wfg1,2,20,64,dynamic,0.49731205789896793,0.4366059667746848,200.78444576263428
wfg1,2,20,65,baseline,0.5352560102913417,0.3655524539471172,196.38562059402466
wfg1,2,20,65,smac3,0.6728670518232787,0.16162661390450858,195.91610980033875
wfg1,2,20,65,dynamic,0.4670644587660925,0.46709567739345853,204.75262069702148
wfg1,2,20,66,baseline,0.3957937278665423,0.5752675958154172,197.94668054580688
wfg1,2,20,66,smac3,0.6720663510023298,0.16641857628482032,197.11070775985718
wfg1,2,20,67,baseline,0.567250206931308,0.3167971632718589,196.81386756896973
wfg1,2,20,66,dynamic,0.6597028363728059,0.18040116502678105,204.88842344284058
wfg1,2,20,67,smac3,0.517299297069762,0.37863493893600975,200.31800866127014
wfg1,2,20,68,baseline,0.6381380991636755,0.2298366103795064,197.90751910209656
wfg1,2,20,67,dynamic,0.4419325292220252,0.5107021118553826,202.97940921783447
wfg1,2,20,68,smac3,0.7106901345780924,0.10262939164796966,199.54964303970337
wfg1,2,20,68,dynamic,0.4975390483040479,0.40741847515125634,205.37310099601746
wfg1,2,20,69,smac3,0.48614987242884133,0.4376917076033033,195.71110105514526
wfg1,2,20,69,baseline,0.5631904311497381,0.31202220285702487,199.82014918327332
wfg1,2,20,69,dynamic,0.35078843951947986,0.6562361154949063,202.3131287097931
wfg1,2,20,70,baseline,0.6698426519137909,0.16811638125584258,196.07725381851196
wfg1,3,10,42,smac3,1.0597590836072852,0.17290803241135524,155.89851450920105
wfg1,3,10,42,baseline,1.0391801969022993,0.1933784867003288,157.18363976478577
wfg1,3,10,42,dynamic,1.1333256976023545,0.05898652319957031,158.27340817451477
wfg1,3,10,43,baseline,1.0786567288576874,0.14058926109309408,155.88138341903687
wfg1,2,20,71,baseline,0.615516679971517,0.2098819283280442,197.46181869506836
wfg1,2,20,70,smac3,0.7172416934542197,0.0810283985226102,201.36736392974854
wfg1,2,20,70,dynamic,0.45575257378090445,0.4796231784956847,205.71544647216797
wfg1,2,20,71,smac3,0.5558079271994993,0.31593735373071674,198.66250944137573
wfg1,3,10,43,smac3,1.1658839260985705,0.04837304466261017,157.4970395565033
wfg1,3,10,43,dynamic,1.052956472391441,0.13353224873676503,156.87556052207947
wfg1,2,20,71,dynamic,0.43790928336199425,0.520241959864919,207.59014225006104
wfg1,3,10,44,baseline,1.0248652802025873,0.2301499013116697,158.28069162368774
wfg1,3,10,44,smac3,1.159889188161067,0.04569428186848515,154.72106432914734
wfg1,3,10,44,dynamic,0.9474004160253616,0.24889606394279132,157.17984127998352
wfg1,3,10,45,baseline,1.0362371031866136,0.18969056585003508,157.9241304397583
wfg1,3,10,45,smac3,1.1648630276866276,0.04898236554236512,158.83556199073792
wfg1,3,10,45,dynamic,1.0349088974656706,0.20396262885216854,159.12177348136902
wfg1,3,10,46,baseline,1.1445233426437542,0.057543876357274495,157.7064368724823
wfg1,3,10,46,smac3,1.1585536602271307,0.04786103565547663,155.2344582080841
wfg1,3,10,46,dynamic,1.1395425201926823,0.058802865636177835,161.34989380836487
wfg1,3,10,47,smac3,1.1564526498465026,0.05143600748453277,155.65215420722961
wfg1,3,10,47,baseline,1.15606740936097,0.053131380801748104,157.5778090953827
wfg1,3,10,47,dynamic,1.158454214775686,0.052638063916123114,160.82552528381348
wfg1,3,10,48,baseline,1.00473943459181,0.25269491932208116,154.22699642181396
wfg1,3,10,49,baseline,0.89304081178212,0.43028257067376474,154.65013599395752
wfg1,3,10,48,smac3,1.1526859684724655,0.05279985878706843,158.13830375671387
wfg1,3,10,48,dynamic,0.9461649518667987,0.33971818228219725,162.15321040153503
wfg1,3,10,49,smac3,1.1666323145679973,0.051068966369536256,154.60747623443604
wfg1,3,10,50,baseline,1.137254100754977,0.05721976030728319,157.76572489738464
wfg1,3,10,49,dynamic,1.1617314964128533,0.057649427446415206,160.62318873405457
wfg1,3,10,50,smac3,1.1376765818947248,0.0534229086414278,155.5415165424347
wfg1,3,10,51,baseline,1.0535260556512156,0.1865727209757445,155.43835830688477
wfg1,3,10,50,dynamic,0.948115846223147,0.19901416502168623,159.952481508255
wfg1,3,10,51,smac3,1.148615905343799,0.05338086832407449,158.4745011329651
wfg1,3,10,52,baseline,1.101431240425409,0.12609019373622307,156.38385725021362
wfg1,3,10,51,dynamic,1.1018858173427244,0.1105020964022302,158.9185929298401
wfg1,3,10,52,smac3,1.1592596562056774,0.047435578164305985,157.63790082931519
wfg1,3,10,52,dynamic,1.107106883109945,0.07998560199665646,156.70227026939392
wfg1,3,10,53,baseline,0.9966582759989173,0.25562559783126154,153.853777885437
wfg1,3,10,53,smac3,1.1582054075878594,0.05017009066708887,157.04825925827026
wfg1,3,10,53,dynamic,0.9831481810194183,0.2738511878513909,160.25527358055115
wfg1,3,10,54,baseline,1.1383785510563997,0.05734927107076653,154.539555311203
wfg1,3,10,55,baseline,0.9785106074413699,0.29365344202704197,155.24637126922607
wfg1,3,10,54,smac3,1.1583524417868318,0.04935399436344567,157.95817494392395
wfg1,3,10,54,dynamic,1.0073838657620489,0.24103784715378235,160.0015778541565
wfg1,3,10,55,smac3,1.1729771444874788,0.044485657797559794,154.9872019290924
wfg1,3,10,55,dynamic,1.1034483941352793,0.10379297432506945,159.83848881721497
wfg1,3,10,56,smac3,1.1682132036401034,0.04561604433742145,156.7783579826355
wfg1,3,10,56,baseline,1.1564404949208755,0.05190268354426266,158.4030065536499
wfg1,3,10,56,dynamic,1.1570770981485399,0.051574464733709274,158.79870867729187
wfg1,3,10,57,smac3,1.0104870649855457,0.24902963527288313,154.36964297294617
wfg1,3,10,57,baseline,1.0023261030978432,0.24347012081037644,158.293865442276
wfg1,3,10,57,dynamic,1.1629755713941115,0.04985133218092892,157.6065742969513
wfg1,3,10,58,baseline,1.157689062153311,0.05055408251259652,157.64126539230347
wfg1,3,10,58,smac3,1.1601675312864046,0.04899991860839464,157.80686974525452
wfg1,3,10,58,dynamic,0.8854506499883328,0.3625897642036228,157.92273020744324
wfg1,3,10,59,baseline,1.1532070842546602,0.05155283380519604,156.19343209266663
wfg1,3,10,59,smac3,1.1691546542249298,0.04648666896251222,158.59901404380798
wfg1,3,10,60,baseline,1.1291148511038216,0.06163189488926069,154.35202026367188
wfg1,3,10,59,dynamic,1.1251432884242762,0.06920495590219987,161.29885458946228
wfg1,3,10,60,smac3,1.159328869241718,0.049021665505265835,157.66880297660828
wfg1,3,10,61,baseline,0.8453248803124378,0.4636888722829438,158.3333034515381
wfg1,3,10,61,smac3,1.167094201594845,0.04728928337935579,155.8740508556366
wfg1,3,10,60,dynamic,1.1521719052826274,0.059095076562539074,160.10180759429932
wfg1,3,10,61,dynamic,1.0060142893356385,0.22173315392425522,156.7357213497162
wfg1,3,10,62,baseline,1.0248936504182158,0.21920901010791088,158.64330387115479
wfg1,3,10,62,smac3,0.9945797883248761,0.2664333430128006,154.60465693473816
wfg1,3,10,62,dynamic,0.8066866316969663,0.4427022058080415,160.76028633117676
wfg1,3,10,63,baseline,1.0232264122807582,0.21423255161934548,158.01896691322327
wfg1,3,10,63,smac3,1.169561826740038,0.046584071564876935,154.99368929862976
wfg1,3,10,63,dynamic,1.1485695424822033,0.053287765544149525,158.6610336303711
wfg1,3,10,64,baseline,1.154862454964843,0.05111871819564348,158.47064661979675
wfg1,3,10,64,smac3,1.0229922354955807,0.23439443498488124,155.136732339859
wfg1,3,10,64,dynamic,1.0087495144720018,0.25140234506769166,161.9521722793579
wfg1,3,10,65,baseline,1.0751892254236732,0.14384088808606418,157.62168335914612
wfg1,3,10,66,baseline,1.1498154292900047,0.05311198417791884,157.3652629852295
wfg1,3,10,65,smac3,1.1584310966015778,0.05000805899999269,158.0906801223755
wfg1,3,10,66,smac3,1.1646372466064574,0.04948923336134005,153.8642361164093
wfg1,3,10,65,dynamic,1.0737080617524015,0.09922594821663265,159.39977169036865
wfg1,3,10,67,baseline,1.1525517035177408,0.055392312619023,154.69817781448364
wfg1,3,10,66,dynamic,0.9722931029668341,0.23139735533956937,161.34472250938416
wfg1,3,10,67,smac3,1.0773851913398294,0.14257129989945105,158.57168102264404
wfg1,3,10,67,dynamic,0.8942985702064348,0.32481364710552524,161.96802926063538
wfg1,3,10,68,baseline,1.1489235087083884,0.052550032898700694,154.6891632080078
wfg1,3,10,68,smac3,1.0629436711326374,0.17839680741757746,156.2997977733612
wfg1,3,10,69,baseline,1.1574238205272658,0.05275800339016833,155.06122732162476
wfg1,3,10,68,dynamic,1.0012374887771958,0.2515440280195309,161.60662150382996
wfg1,3,10,69,smac3,1.0440035372075676,0.2107032409621196,158.51919507980347
wfg1,3,10,69,dynamic,0.9435795721055525,0.25997595207526697,160.30446600914001
wfg1,3,10,70,baseline,1.0608479506667263,0.1734609363277636,157.25772714614868
wfg1,3,10,71,baseline,1.1591634716092645,0.04873544553430199,156.5424201488495
wfg1,3,10,70,smac3,1.0904803258185436,0.08815686249266375,158.47806692123413
wfg1,3,10,70,dynamic,0.9930762332439675,0.2576383412170987,157.52753567695618
wfg1,3,10,71,smac3,1.1532106928717587,0.05162102779353922,155.26454496383667
wfg1,3,10,71,dynamic,0.9622124232709033,0.2536102301296965,161.39614009857178
wfg1,3,20,42,baseline,1.1140789892708391,0.08400415961202182,267.90987062454224
wfg1,3,20,42,smac3,0.906088949446054,0.36250109703372485,267.7128281593323
wfg1,3,20,42,dynamic,1.015803584708762,0.23839406079155712,273.63297629356384
wfg1,3,20,43,baseline,1.0592025287580071,0.13803464409342492,268.10800409317017
wfg1,3,20,43,smac3,1.0650767587821575,0.1196924898706091,267.1570131778717
wfg1,3,20,44,baseline,1.1239558830933016,0.07617166393321112,269.65132761001587
wfg1,3,20,43,dynamic,1.07576588471547,0.1635281080542274,281.4538872241974
wfg1,3,20,44,smac3,1.1106796924748694,0.08298227311686622,268.78592920303345
wfg1,3,20,45,baseline,1.1560152567853148,0.05576460125780585,267.9197118282318
wfg1,3,20,46,baseline,1.05553960211054,0.15603775975046186,265.5452778339386
wfg1,3,20,45,smac3,0.9386586640231591,0.2905702459017768,269.7828643321991
wfg1,3,20,45,dynamic,1.041386059491693,0.1526796417196102,274.144061088562
wfg1,3,20,44,dynamic,1.081035462383268,0.15676512526402978,277.93882727622986
wfg1,3,20,46,smac3,1.032253052820149,0.16278793816587664,269.5365860462189
wfg1,3,20,46,dynamic,0.9993953034643415,0.212792586693424,277.1817171573639
wfg1,3,20,47,baseline,1.055381996236918,0.18567776581045037,269.94564056396484
wfg1,3,20,47,smac3,1.024010110974227,0.1852879445729262,262.9791729450226
wfg1,3,20,48,baseline,1.0627000140548089,0.1581481392134548,262.9979476928711
wfg1,3,20,47,dynamic,0.9494009142461134,0.26031002212152954,273.42392230033875
wfg1,3,20,48,smac3,0.9037104725383758,0.3674438248279403,265.6596534252167
wfg1,3,20,49,baseline,1.064802011298506,0.12419341061276659,265.6110095977783
wfg1,3,20,49,smac3,1.00849225578383,0.19880889169988836,265.55118775367737
wfg1,3,20,50,smac3,0.8965995002211461,0.3563888767681794,262.8511655330658
wfg1,3,20,50,baseline,1.142917426117215,0.07121904618656834,267.79055428504944
wfg1,3,20,48,dynamic,0.9014333044072599,0.2790811151671833,278.08943271636963
wfg1,3,20,49,dynamic,0.9747296886862908,0.3165965219538258,271.4933924674988
wfg1,3,20,50,dynamic,0.8915633877464,0.3491474045069485,274.7419137954712
wfg1,3,20,51,baseline,1.1522449000390196,0.07508112323518419,267.3639361858368
wfg1,3,20,51,smac3,0.9023219859660545,0.34789763265537016,267.0095999240875
wfg1,3,20,51,dynamic,0.9825898830097395,0.23866100644362262,276.4459595680237
wfg1,3,20,52,baseline,0.9874478140507742,0.24853360066449176,261.6833517551422
wfg1,3,20,52,smac3,1.1060681495042608,0.08540635448221658,263.0469226837158
wfg1,3,20,52,dynamic,0.8895485532645192,0.3862834848374095,273.47131395339966
wfg1,3,20,53,baseline,1.1316893417733334,0.09695469124252595,266.009352684021
wfg1,3,20,53,smac3,1.0812165576132031,0.09820913716066722,265.7299609184265
wfg1,3,20,54,baseline,1.133177284157474,0.07918296177522653,262.0311167240143
wfg1,3,20,55,baseline,1.1511076113785244,0.05556146961669122,262.71034574508667
wfg1,3,20,53,dynamic,1.0499849934558525,0.18977883399319292,272.9280471801758
wfg1,3,20,54,smac3,0.9652515268020938,0.2668680984227063,267.7904336452484
wfg1,3,20,55,smac3,1.0082196823999718,0.20602262073117678,265.4785187244415
wfg1,3,20,54,dynamic,1.00362290976759,0.252824314772411,278.6325807571411
wfg1,3,20,55,dynamic,0.9170805861775676,0.29887732803295775,275.43460154533386
wfg1,3,20,56,baseline,1.0320003243141902,0.22334635487037502,267.2632598876953
wfg1,3,20,56,smac3,1.0015741734941126,0.25969703180715614,266.9179177284241
wfg1,3,20,56,dynamic,0.7953786974807819,0.4967265520803777,271.08908343315125
wfg1,3,20,57,baseline,1.0920977075316807,0.13852840498908672,262.8989088535309
wfg1,3,20,57,smac3,1.1020288221144492,0.08613763440561098,263.34773802757263
wfg1,3,20,58,baseline,1.0996638691974887,0.11872141468131041,263.56372451782227
wfg1,3,20,58,smac3,0.928113519571939,0.319461723229204,260.2580659389496
wfg1,3,20,57,dynamic,0.7923789408581564,0.5537839092451073,273.45275020599365
wfg1,3,20,59,baseline,1.0849181836291126,0.11061142007929763,262.7646789550781
wfg1,3,20,59,smac3,1.0349754709724903,0.18638843916855158,264.11793756484985
wfg1,3,20,58,dynamic,1.0365999098127412,0.1784516191190153,269.2674696445465
wfg1,3,20,60,baseline,1.0582435747488983,0.18242376435709032,263.68779706954956
wfg1,3,20,59,dynamic,0.9484679909240743,0.3013667098277762,270.4209725856781
wfg1,3,20,60,smac3,0.9258136676751905,0.32757277898509485,261.461820602417
wfg1,3,20,61,baseline,1.1089936172970396,0.09018191837740719,250.68195962905884
wfg1,3,20,60,dynamic,1.0126298425850793,0.26150533338908755,261.8255715370178
wfg1,3,20,61,smac3,1.0290109909254443,0.1869446251094301,241.97288918495178
wfg1,3,20,61,dynamic,1.062878035530391,0.1395152984027065,251.90940642356873
wfg1,3,20,62,baseline,1.0752296502818273,0.15681697785791868,242.13367247581482
wfg1,3,20,62,smac3,0.9694315047800011,0.24669973885861723,241.4311203956604
wfg1,3,20,63,baseline,1.0019885421195505,0.21684962987899353,241.685852766037
wfg1,3,20,63,smac3,0.9685770725048286,0.26068818045363484,241.29148077964783
wfg1,3,20,62,dynamic,0.9266613737301724,0.31279014136520916,251.66916728019714
wfg1,3,20,64,baseline,0.9972564940096811,0.22118353972917476,241.2925853729248
wfg1,3,20,64,smac3,1.0908094248863112,0.0880579991599467,243.3830053806305
wfg1,3,20,63,dynamic,0.9144022725566556,0.40571614866687034,256.1458535194397
wfg1,3,20,65,baseline,1.0815360668648213,0.12875714969086952,242.14369916915894
wfg1,3,20,64,dynamic,1.0468279087169072,0.22076605190830548,253.96235823631287
wfg1,3,20,65,smac3,1.0185830706556058,0.18093555825809807,243.30819272994995
wfg1,3,20,65,dynamic,0.9922349219464672,0.2173987950533406,255.33516097068787
wfg1,3,20,66,baseline,1.1300027461605369,0.09709839449550113,241.66448426246643
wfg1,3,20,66,smac3,0.9533151544666675,0.2721821048034479,241.66178917884827
wfg1,3,20,67,baseline,1.0614635700216186,0.19294791098148625,244.9131305217743
wfg1,3,20,66,dynamic,0.905413764685735,0.33498967205175884,253.4372754096985
wfg1,3,20,67,smac3,0.8532453723520387,0.43574806371005015,243.02577447891235
wfg1,3,20,68,baseline,1.1630326526126897,0.06219338693409445,240.59895825386047
wfg1,3,20,68,smac3,1.0485081740397637,0.1561438665733494,240.25765943527222
wfg1,3,20,67,dynamic,0.9167374394551657,0.3681447223602346,253.38043308258057
wfg1,3,20,69,baseline,1.1262388692541712,0.09770080186342968,245.63943362236023
wfg1,3,20,69,smac3,1.1074332337804265,0.10398742966957468,243.48918986320496
wfg1,3,20,68,dynamic,0.9708028310813155,0.3335202608651826,257.91196727752686
wfg1,3,20,69,dynamic,0.974973710090449,0.2541164819181187,255.78814101219177
wfg2,2,10,42,baseline,0.6854808755322876,0.12632488307320963,102.68168330192566
wfg2,2,10,42,smac3,0.7346437883086714,0.08902164654556835,100.98911142349243
wfg2,2,10,42,dynamic,0.7274232224572653,0.09439876594339058,101.94278478622437
wfg2,2,10,43,baseline,0.7277872470514393,0.09258836813352865,102.21726298332214
wfg2,2,10,43,smac3,0.7342211876694125,0.09129324170677178,101.50848865509033
wfg2,2,10,43,dynamic,0.6858371488776668,0.12584179162338446,103.85928463935852
wfg2,2,10,44,baseline,0.6860725344819595,0.11691098625375218,102.71921014785767
wfg1,3,20,70,baseline,1.0970672423883903,0.13062023828201083,243.89073991775513
wfg2,2,10,44,smac3,0.7273592565954203,0.09727006341013332,102.3064455986023
wfg1,3,20,70,smac3,1.0610895177826623,0.12700325571918325,243.0277659893036
wfg2,2,10,44,dynamic,0.6938470373110568,0.11804153925051966,103.5394401550293
wfg2,2,10,45,baseline,0.6832426076797801,0.12875040143747632,100.48663210868835
wfg1,3,20,70,dynamic,1.024219874958795,0.25770171376630086,250.77831983566284
wfg2,2,10,45,smac3,0.7230823184253119,0.10070267014144094,100.2608962059021
wfg1,3,20,71,baseline,1.0972951619460365,0.09617814620634575,239.78465008735657
wfg2,2,10,45,dynamic,0.6869543858058553,0.1249124344836988,103.3551504611969
wfg2,2,10,46,baseline,0.6043265965038893,0.3594762276224043,101.02618932723999
wfg2,2,10,46,smac3,0.7352714949412764,0.08832785795067549,102.34882879257202
wfg1,3,20,71,smac3,0.8519574900849824,0.4736267928736273,242.48758745193481
wfg2,2,10,46,dynamic,0.6113481033593141,0.353511445200766,103.98005843162537
wfg2,2,10,47,baseline,0.6860444623366252,0.12550198915481378,102.14654803276062
wfg1,3,20,71,dynamic,1.0269740031482193,0.22329270746253083,252.24245834350586
wfg2,2,10,47,smac3,0.706960153135563,0.11223995647267321,102.6537549495697
wfg2,2,10,47,dynamic,0.693884055551101,0.11389513254764753,102.70257902145386
wfg2,2,10,48,baseline,0.6013678215082877,0.3650322495564385,102.0234785079956
wfg2,2,10,48,smac3,0.6484043069127338,0.3139192658720239,100.84988713264465
wfg2,2,10,48,dynamic,0.6179145195967435,0.3476937069038202,101.19147419929504
wfg2,2,10,49,baseline,0.6870314165894355,0.11306055359390242,100.19200348854065
wfg2,2,10,49,smac3,0.6457705458192436,0.32956452570951017,100.13016200065613
wfg2,2,10,49,dynamic,0.6996246692636189,0.10397925541067309,102.9177360534668
wfg2,2,10,50,baseline,0.6876253128672134,0.1239106186362596,99.97893357276917
wfg2,2,10,50,smac3,0.7269214960235099,0.09549401962563714,101.6884253025055
wfg2,2,10,50,dynamic,0.6883655115595001,0.11548104493016642,103.63616633415222
wfg2,2,10,51,baseline,0.6860286952570227,0.12574733594646703,102.22377061843872
wfg2,2,10,51,smac3,0.7350102517697956,0.08955920245450116,102.2717034816742
wfg2,2,10,51,dynamic,0.6961278370719745,0.11568275882888628,101.21852707862854
wfg2,2,10,52,baseline,0.7319746289550139,0.09011947958330092,101.94375228881836
wfg2,2,10,52,smac3,0.6856313571459286,0.1235865206002813,101.68909859657288
wfg2,2,10,53,baseline,0.5483016969818094,0.41542811571181437,99.26671648025513
wfg2,2,10,53,smac3,0.7215791321835909,0.09784570511095209,100.27228260040283
wfg2,2,10,52,dynamic,0.6842961191962844,0.1276705689538937,102.91358351707458
wfg2,2,10,53,dynamic,0.6013685310406282,0.3462976441786541,100.96946263313293
wfg2,2,10,54,baseline,0.6005153688475089,0.359195541494926,99.32513165473938
wfg2,2,10,54,smac3,0.7341042557249511,0.08937084391177344,101.31583261489868
wfg2,2,10,54,dynamic,0.6433318134487722,0.3309374172067087,101.51680517196655
wfg2,2,10,55,baseline,0.5999184355312368,0.3666518338504162,101.53004455566406
wfg2,2,10,55,smac3,0.6514825737717684,0.3298596538015675,102.51296758651733
wfg2,2,10,55,dynamic,0.7011926254197124,0.11063987026016613,103.11957550048828
wfg2,2,10,56,baseline,0.6039739060837646,0.3613285732476799,101.63912343978882
wfg2,2,10,56,smac3,0.646730958161078,0.328344419471642,100.74211740493774
wfg2,2,10,57,baseline,0.6911962727346508,0.11963362015076205,101.85427498817444
wfg2,2,10,56,dynamic,0.6863368511787429,0.11921904892181463,103.7459499835968
wfg2,2,10,57,smac3,0.7191170055762327,0.10198565617916239,99.44292998313904
wfg2,2,10,57,dynamic,0.6831815331399445,0.12996072716074167,100.67140817642212
wfg2,2,10,58,smac3,0.6323477419829641,0.34592715847047234,99.82513165473938
wfg2,2,10,58,baseline,0.6040409020756953,0.3641523439299465,101.75425791740417
wfg2,2,10,58,dynamic,0.6083403408689054,0.35540945797427914,100.54633355140686
wfg2,2,10,59,baseline,0.7222602371692458,0.09764304233867858,101.46038937568665
wfg2,2,10,59,smac3,0.7087124999697736,0.11160181688910342,101.47362899780273
wfg2,2,10,59,dynamic,0.6146119256344369,0.34266572199505413,103.0498960018158
wfg2,2,10,60,baseline,0.5633466297564932,0.4087437071974297,102.16886115074158
wfg2,2,10,60,smac3,0.7221349713908947,0.0992008142879108,102.25271224975586
wfg2,2,10,60,dynamic,0.6348458257982746,0.16478328528021072,103.24182105064392
wfg2,2,10,61,baseline,0.6029652182921518,0.36180415483277945,100.48669672012329
wfg2,2,10,61,smac3,0.6491073750259887,0.17066591458477529,101.4302294254303
wfg2,2,10,61,dynamic,0.6818735801896386,0.13231211673350576,102.52687573432922
wfg2,2,10,62,baseline,0.7275980921001892,0.09380360145471205,99.62665438652039
wfg2,2,10,62,smac3,0.6960587035844844,0.12232035578070567,100.12379336357117
wfg2,2,10,62,dynamic,0.6949406546875624,0.11676362871819386,101.36809301376343
wfg2,2,10,63,baseline,0.6908674882233474,0.1207182931677138,101.79880857467651
wfg2,2,10,63,smac3,0.7354254181327894,0.08348343427173445,99.97850203514099
wfg2,2,10,63,dynamic,0.6803856282130176,0.1326156172750159,101.98555564880371
wfg2,2,10,64,baseline,0.6811664108717885,0.12956115339387417,100.98279690742493
wfg2,2,10,64,smac3,0.7290269504498881,0.09129490607739457,101.4272027015686
wfg2,2,10,64,dynamic,0.7310765999660146,0.09074795573471213,102.95201373100281
wfg2,2,10,65,baseline,0.607791781290725,0.35589666798496666,101.723867893219
wfg2,2,10,65,dynamic,0.6723407478847904,0.13222770831388597,100.78259682655334
wfg2,2,10,65,smac3,0.6502244000449,0.32625327827041856,102.0741319656372
wfg2,2,10,66,baseline,0.6870309514063901,0.12563523711342453,100.85705876350403
wfg2,2,10,66,smac3,0.7280779127391412,0.08648199302901967,101.57822823524475
wfg2,2,10,66,dynamic,0.731730555682561,0.0897226639623738,101.02741479873657
wfg2,2,10,67,baseline,0.6883697493085629,0.11392763626157203,99.39493656158447
wfg2,2,10,67,smac3,0.7336627757246543,0.09043438983708972,100.08752465248108
wfg2,2,10,67,dynamic,0.6059549151160722,0.3581319512623462,102.26748895645142
wfg2,2,10,68,baseline,0.7330674081741059,0.08904636802139697,98.4624457359314
wfg2,2,10,68,smac3,0.7395130184506198,0.07776665241253285,100.84824705123901
wfg2,2,10,68,dynamic,0.6107551142938918,0.35392337145304625,101.34283256530762
wfg2,2,10,69,baseline,0.6846930462552988,0.1266013066569892,101.04304695129395
wfg2,2,10,69,smac3,0.7342203156552227,0.0898776580149755,101.91334342956543
wfg2,2,10,70,baseline,0.6863370337759044,0.12541146864628527,99.71532773971558
wfg2,2,10,70,smac3,0.7363738131810982,0.08795583105611843,100.53994727134705
wfg2,2,10,69,dynamic,0.6975971114258631,0.11358888232094873,103.31547021865845
wfg2,2,10,70,dynamic,0.6992435001644985,0.11255989478255037,102.43281650543213
wfg2,2,10,71,baseline,0.683174778488174,0.12829214985104728,101.86914443969727
wfg2,2,10,71,smac3,0.7191371266172654,0.10202548517342006,100.26574635505676
wfg2,2,10,71,dynamic,0.7214863282164128,0.08809404788474247,101.70109224319458
wfg2,2,20,42,baseline,0.6767610339091852,0.12997946575011332,210.40223336219788
wfg2,2,20,42,smac3,0.706856393692881,0.11685270513572787,212.7065498828888
wfg2,2,20,42,dynamic,0.6323150336710502,0.16692549265630569,216.44812655448914
wfg2,2,20,43,smac3,0.6804338922737703,0.14044738488074476,210.57191133499146
wfg2,2,20,43,baseline,0.6716623849625134,0.1417382180089126,212.70594954490662
wfg2,2,20,43,dynamic,0.6726100670704019,0.14284077343359775,219.7054626941681
wfg2,2,20,44,baseline,0.6442076633276702,0.15319042814610895,212.5199146270752
wfg2,2,20,44,smac3,0.7169751945802089,0.10696412693240955,212.12737846374512
wfg2,2,20,45,baseline,0.7098166993554704,0.10923280860268986,212.8311905860901
wfg2,2,20,44,dynamic,0.6395955033398149,0.1795014314782613,218.90927839279175
wfg2,2,20,45,smac3,0.7067553434855307,0.11916889786994796,212.5108916759491
wfg2,2,20,45,dynamic,0.6838281632978273,0.12901523410265844,219.65820240974426
wfg2,2,20,46,baseline,0.6715053045350561,0.14730061720957535,210.0846073627472
wfg2,2,20,46,smac3,0.6873914025937353,0.12468475021820165,210.43891263008118
wfg2,2,20,46,dynamic,0.609396203504362,0.19922523029509556,218.19182562828064
wfg2,2,20,47,baseline,0.7200050549928603,0.09009457391632639,213.0017373561859
wfg2,2,20,47,smac3,0.7296739980194069,0.09547978952701403,209.95596718788147
wfg2,2,20,48,baseline,0.7231692576089834,0.09780499596240236,211.68764758110046
wfg2,2,20,47,dynamic,0.626458554379925,0.19033284851371002,217.94614052772522
wfg2,2,20,49,baseline,0.7022098324946344,0.11760753396329907,210.522780418396
wfg2,2,20,48,smac3,0.7121425026895921,0.11081344080116241,212.3030457496643
wfg2,2,20,49,smac3,0.7154661886541868,0.10728259945820233,213.30154752731323
wfg2,2,20,48,dynamic,0.6634319272991847,0.14997570533024515,220.325368642807
wfg2,2,20,50,baseline,0.6765747322003497,0.1356075484285672,212.69787096977234
wfg2,2,20,49,dynamic,0.6351566363577827,0.1792654429506505,218.31665897369385
wfg2,2,20,50,smac3,0.6937526158018263,0.11479064921476526,213.08222699165344
wfg2,2,20,51,baseline,0.660768264380505,0.15201902872635614,209.3175220489502
wfg2,2,20,50,dynamic,0.5515387610853093,0.4172770302910342,218.40271973609924
wfg2,2,20,51,smac3,0.7114913948495794,0.10011944486341508,211.4433913230896
wfg2,2,20,52,baseline,0.7094467430996285,0.10957195083250337,211.04979825019836
wfg2,2,20,51,dynamic,0.6569794011530308,0.15623788455998888,218.61852860450745
wfg2,2,20,52,smac3,0.7243664288215174,0.10009368267082965,212.99519848823547
wfg2,2,20,52,dynamic,0.6450794258899994,0.15331471749358389,218.45493078231812
wfg2,2,20,53,baseline,0.582798002449663,0.3889934307183112,211.38958024978638
wfg2,2,20,53,smac3,0.7041955224741785,0.10813491685345197,212.48841953277588
wfg2,2,20,54,baseline,0.6633710770611448,0.1506921723924309,212.90801239013672
wfg2,2,20,54,smac3,0.6960375745230752,0.12192823117847139,211.86224794387817
wfg2,2,20,53,dynamic,0.618419339494925,0.19732619248451444,220.68889808654785
wfg2,2,20,54,dynamic,0.6508273259013586,0.16398469212314037,218.20573735237122
wfg2,2,20,55,baseline,0.6722384712172048,0.1313774434843807,211.84128856658936
wfg2,2,20,55,smac3,0.7100905544965433,0.1083974180660059,210.96910572052002
wfg2,2,20,55,dynamic,0.6028513504201382,0.21421612379102362,216.35348987579346
wfg2,2,20,56,baseline,0.708154024567763,0.11209454324454482,210.40423274040222
wfg2,2,20,56,smac3,0.7130590951045277,0.11118731780611976,211.03450989723206
wfg2,2,20,56,dynamic,0.6618947903727316,0.15463441603679,219.41554379463196
wfg2,2,20,57,baseline,0.7073185274488056,0.10386288997707162,213.29478073120117
wfg2,2,20,57,smac3,0.7032018357288387,0.11650350214175106,210.9927158355713
wfg2,2,20,58,baseline,0.7099529565753132,0.110314551775189,212.06446838378906
wfg2,2,20,57,dynamic,0.6269100665756154,0.19352568555078875,217.88233423233032
wfg2,2,20,58,smac3,0.7147491257382882,0.1103147791074515,213.49116611480713
wfg2,2,20,59,baseline,0.60790715408343,0.3717706466595993,213.9455165863037
wfg2,2,20,59,smac3,0.6874706989488777,0.13178810921573564,212.52386379241943
wfg2,2,20,58,dynamic,0.659492523613756,0.1520351816128802,220.2082531452179
wfg2,2,20,59,dynamic,0.5289125242323124,0.3075877029950075,218.9710988998413
wfg2,2,20,60,baseline,0.6954860669235476,0.11636209974475911,209.97809624671936
wfg2,2,20,60,smac3,0.7085613326243895,0.10271637329073506,211.1285171508789
wfg2,2,20,61,baseline,0.6725227856568173,0.14102427805253862,210.0358350276947
wfg2,2,20,60,dynamic,0.6228212779171841,0.1857541214221812,218.19433093070984
wfg2,2,20,61,smac3,0.7039969310641825,0.11834639263967985,213.22800993919373
wfg2,2,20,62,baseline,0.6524506608256897,0.15269184144725595,210.95707488059998
wfg2,2,20,61,dynamic,0.6682885580285195,0.1359501412094762,220.9216799736023
wfg2,2,20,62,smac3,0.7186870522587705,0.0915994462743907,212.83715271949768
wfg2,2,20,62,dynamic,0.5376781977232379,0.4464342460432229,218.7093324661255
wfg2,2,20,63,baseline,0.6320959935819488,0.17906087645410584,212.79728651046753
wfg2,2,20,63,smac3,0.711003802631781,0.10080941945954143,213.49753260612488
wfg2,2,20,64,baseline,0.6535688953973176,0.15926700335370966,213.20382618904114
wfg2,2,20,63,dynamic,0.6252947251954731,0.19332098138805004,219.3042848110199
wfg2,2,20,64,smac3,0.7014550954843343,0.121572468885334,212.81654596328735
wfg2,2,20,64,dynamic,0.549067681098542,0.4280589508909313,217.80435919761658
wfg2,2,20,65,baseline,0.6460446344434951,0.15985995913321588,211.27318382263184
wfg2,2,20,65,smac3,0.6787885880643838,0.1376320866455123,211.36065649986267
wfg2,2,20,65,dynamic,0.6614427303507153,0.1529003216632386,218.33446860313416
wfg2,2,20,66,baseline,0.6760664060489445,0.1356200180076777,212.5620677471161
wfg2,2,20,66,smac3,0.7062407185828381,0.11920878869826869,212.18959259986877
wfg2,2,20,66,dynamic,0.582604459337358,0.2332681762849148,221.2961881160736
wfg2,2,20,67,baseline,0.6559610660862548,0.1575907839243319,213.39412450790405
wfg2,2,20,67,smac3,0.6824697817072055,0.13351748477540365,211.22283792495728
wfg2,2,20,68,baseline,0.7065588460434865,0.10680777835844447,213.1500542163849
wfg2,2,20,67,dynamic,0.6238015578594517,0.19946209902978798,220.72671341896057
wfg2,2,20,68,smac3,0.6804282972431077,0.13328145206971648,212.7491328716278
wfg2,2,20,69,baseline,0.5586083231061126,0.41975104787664275,212.87986016273499
wfg2,2,20,68,dynamic,0.6625768605289739,0.15049995036222683,219.72910904884338
wfg2,2,20,69,smac3,0.6829992701358673,0.13439927315467645,210.6610598564148
wfg2,2,20,69,dynamic,0.6652379454652032,0.14779704640486524,217.54992079734802
wfg2,3,10,42,baseline,1.225051044824542,0.033305716777307176,149.54225635528564
wfg2,3,10,42,smac3,1.0136711396376148,0.343388304908799,150.74117994308472
wfg2,2,20,70,baseline,0.6737076917991708,0.13150009214449754,210.77792382240295
wfg2,3,10,43,baseline,1.048679947211142,0.31794583314842717,149.96350598335266
wfg2,3,10,42,dynamic,1.200427249044136,0.050263912824650106,155.37002444267273
wfg2,3,10,43,smac3,1.0365396910632902,0.3339142654787105,151.26580476760864
wfg2,2,20,70,smac3,0.6939974234267419,0.13061587416244302,212.8470549583435
wfg2,3,10,43,dynamic,1.0052187937869208,0.3620716059049537,153.5672333240509
wfg2,2,20,71,baseline,0.6358333056004652,0.17931233571761068,212.36071825027466
wfg2,2,20,70,dynamic,0.5838144603384549,0.21922743159507335,221.08669185638428
wfg2,3,10,44,baseline,1.0141867574673975,0.34441662738959783,147.85219073295593
wfg2,2,20,71,smac3,0.7015103477135897,0.12044688719095127,214.9283800125122
wfg2,3,10,44,smac3,1.2312613028892607,0.03868837033627788,148.97257804870605
wfg2,2,20,71,dynamic,0.6286975313189848,0.18997123715793512,221.61585974693298
wfg2,3,10,44,dynamic,1.018796150584462,0.33583170707806764,155.57450413703918
wfg2,3,10,45,baseline,1.0325873002793227,0.3361267646827199,153.2003619670868
wfg2,3,10,45,smac3,1.0393346377684052,0.3286298730869744,152.2102222442627
wfg2,3,10,46,baseline,1.2213853700844919,0.03654525240871603,153.5954349040985
wfg2,3,10,45,dynamic,1.0134028453084514,0.33965457019319745,156.50296592712402
wfg2,3,10,46,smac3,1.0329897280360336,0.33144638358201306,153.31642198562622
wfg2,3,10,46,dynamic,1.0414521721844727,0.3276640770663301,154.58582735061646
wfg2,3,10,47,baseline,1.0218873307228242,0.3231848708563966,152.1064715385437
wfg2,3,10,47,smac3,1.0474420055272775,0.3248030763116697,152.70622730255127
wfg2,3,10,48,baseline,1.0268307820620515,0.334153709524055,150.25004816055298
wfg2,3,10,47,dynamic,1.0264992167380185,0.3234270548481137,156.12567734718323
wfg2,3,10,48,smac3,1.2199416330885189,0.04964201101902619,153.2618806362152
wfg2,3,10,48,dynamic,0.972877732370313,0.3831830403747825,153.50533819198608
wfg2,3,10,49,baseline,1.0297516727619918,0.3373098804734671,152.39808821678162
wfg2,3,10,49,smac3,1.2350531298772407,0.03185770663327158,150.35090827941895
wfg2,3,10,50,baseline,1.0231582011094111,0.33243982502911384,149.79339909553528
wfg2,3,10,49,dynamic,1.0076162513971603,0.3387950312845258,154.6821346282959
wfg2,3,10,50,smac3,1.0518110340445803,0.31610392057319714,152.49790382385254
wfg2,3,10,50,dynamic,1.026883562193301,0.3355527857815511,155.77222776412964
wfg2,3,10,51,baseline,1.0274012963435364,0.3245365784846223,151.6837546825409
wfg2,3,10,51,smac3,1.0464519245851283,0.32638370923894144,150.1902632713318
wfg2,3,10,51,dynamic,1.0937403218671187,0.14353414022753838,155.45635056495667
wfg2,3,10,52,smac3,1.0374061495004223,0.33133853110477973,149.2198326587677
wfg2,3,10,52,baseline,1.0255365613266374,0.3432104673056309,150.6984579563141
wfg2,3,10,52,dynamic,1.0158080340702218,0.32537157941752826,155.83515739440918
wfg2,3,10,53,baseline,1.1988357447080742,0.04363995101147006,151.8003373146057
wfg2,3,10,53,smac3,1.2331553588803985,0.038546767488850685,150.5084183216095
wfg2,3,10,53,dynamic,1.0166420866614634,0.33463254083934474,155.27430653572083
wfg2,3,10,54,baseline,1.0215565852156048,0.3385261659736392,150.93039274215698
wfg2,3,10,54,smac3,1.0328863955409293,0.3411518227593186,150.29458689689636
wfg2,3,10,54,dynamic,1.2326495299414701,0.030498414707212942,155.5778453350067
wfg2,3,10,55,baseline,0.9131012234403096,0.4502142422153906,152.2273895740509
wfg2,3,10,55,smac3,1.0366042623531515,0.33019753120602763,152.3468246459961
wfg2,3,10,56,baseline,1.2257435482538606,0.0280898540986544,150.1202507019043
wfg2,3,10,55,dynamic,1.022111768470971,0.3490280492988571,156.47076725959778
wfg2,3,10,56,smac3,1.221072186765924,0.04989040142377089,151.44129252433777
wfg2,3,10,57,baseline,1.0270875078743946,0.3295253671644651,150.1791763305664
wfg2,3,10,56,dynamic,1.0152335297904524,0.35359443694361303,152.2021346092224
wfg2,3,10,57,smac3,1.020207227359246,0.34517775074521617,151.91835975646973
wfg2,3,10,58,baseline,1.024178085091333,0.33833973066733186,149.17694878578186
wfg2,3,10,57,dynamic,1.017408867328213,0.3481079177015096,155.83598470687866
wfg2,3,10,58,smac3,1.0201087331585699,0.3398505881266356,151.6596541404724
wfg2,3,10,58,dynamic,0.9983663234726433,0.36056480115474215,154.25165128707886
wfg2,3,10,59,baseline,1.0316622165780454,0.3346821961204637,150.04429841041565
wfg2,3,10,59,smac3,1.0501626436034357,0.3163371736928483,151.28483057022095
wfg2,3,10,59,dynamic,1.0007938341349556,0.3445374077614574,155.52373719215393
wfg2,3,10,60,baseline,1.0306054625412364,0.3353342578551888,152.11641240119934
wfg2,3,10,60,smac3,1.0427612185131823,0.3295045791669178,150.71273922920227
wfg2,3,10,60,dynamic,1.0137250233643285,0.3295045493284161,154.4664900302887
wfg2,3,10,61,baseline,0.9652463927810695,0.3869164814638395,151.00541400909424
wfg2,3,10,61,smac3,1.2405834160912437,0.03105094188886147,150.94450569152832
wfg2,3,10,61,dynamic,1.0169868449582664,0.33803887263064736,153.0881953239441
wfg2,3,10,62,baseline,1.0174875322814116,0.3443109271884556,152.31889486312866
wfg2,3,10,62,smac3,1.044796487270388,0.31516751132189114,149.34527945518494
wfg2,3,10,62,dynamic,1.0314861599438465,0.32947483939084576,155.74999451637268
wfg2,3,10,63,baseline,1.1660052023259426,0.09672510397330301,152.0542607307434
wfg2,3,10,63,smac3,1.2397649582158032,0.03453477647682848,151.01172637939453
wfg2,3,10,63,dynamic,1.1617216291378443,0.06777820690084646,154.14009308815002
wfg2,3,10,64,baseline,1.0178721269299003,0.34060015407221833,151.92557764053345
wfg2,3,10,65,baseline,1.2315515624812936,0.029191975176258916,149.64105439186096
wfg2,3,10,64,smac3,1.0423654635730328,0.3251112494694155,152.99697279930115
wfg2,3,10,64,dynamic,1.029946879511862,0.3371776148660009,156.16009879112244
wfg2,3,10,65,smac3,1.1696374010271697,0.1019958710333677,150.66930508613586
wfg2,3,10,66,baseline,1.0182116311762381,0.33822756371812857,150.14694380760193
wfg2,3,10,65,dynamic,1.047593661030771,0.22345116124614048,154.50600004196167
wfg2,3,10,66,smac3,1.2298374881644472,0.04042541366170092,148.83642315864563
wfg2,3,10,67,baseline,1.0251384498095755,0.33246809720871084,148.91833972930908
wfg2,3,10,66,dynamic,0.9635412207179905,0.4014764462591342,155.72164607048035
wfg2,3,10,67,smac3,1.0484678049786642,0.3225437578590754,150.71519565582275
wfg2,3,10,67,dynamic,1.032543000625703,0.33715869474661936,154.75997281074524
wfg2,3,10,68,baseline,1.0304486107647777,0.32928862023851274,150.8912661075592
wfg2,3,10,68,smac3,1.0448923984606677,0.32390930706956006,149.74633359909058
wfg2,3,10,68,dynamic,1.0075479172681387,0.34257443308306024,154.85458278656006
wfg2,3,10,69,baseline,1.1566956842103404,0.0944567861343259,150.1382622718811
wfg2,3,10,69,smac3,1.170684610937913,0.09664491936440203,151.57266187667847
wfg2,3,10,70,baseline,1.0238482213154798,0.3368972331665493,150.8268392086029
wfg2,3,10,69,dynamic,1.020132774780319,0.3253473924363156,155.5701024532318
wfg2,3,10,70,smac3,1.044434295094142,0.3305301158066955,151.06276512145996
wfg2,3,10,71,baseline,1.199054275699864,0.05581600589488495,150.15048956871033
wfg2,3,10,70,dynamic,0.998471686517296,0.3438418927548112,155.3152470588684
wfg2,3,10,71,smac3,1.2294083659955883,0.03962901626266377,151.0741307735443
wfg2,3,10,71,dynamic,1.148018964925949,0.10448877569325395,156.04287576675415
wfg2,3,20,42,baseline,1.1340113613799732,0.11961798261118742,284.06588435173035
wfg2,3,20,42,smac3,1.1779685214956679,0.08858513184984916,283.21042919158936
wfg2,3,20,43,baseline,1.1533214508431766,0.10138631529991998,279.5667316913605
wfg2,3,20,42,dynamic,0.9534155700258866,0.35413912969789546,292.0889141559601
wfg2,3,20,44,baseline,0.9836216819284939,0.3656911869145997,282.10905957221985
wfg2,3,20,43,smac3,1.0119234746829329,0.34732519438725734,285.12096786499023
wfg2,3,20,44,smac3,1.0355746513891884,0.3206636922886259,282.42794156074524
wfg2,3,20,43,dynamic,0.870649960075125,0.49760967028423947,290.75816917419434
wfg2,3,20,45,smac3,1.0183756478011596,0.3465835304495151,280.1130473613739
wfg2,3,20,45,baseline,0.9799354744448617,0.3856850210643302,281.12725043296814
wfg2,3,20,44,dynamic,1.0079268916920012,0.27388555555633454,293.83173537254333
wfg2,3,20,46,baseline,0.9958922548587646,0.3467506349927657,280.8394196033478
wfg2,3,20,45,dynamic,0.9085375050196697,0.44489180640117276,295.22361063957214
wfg2,3,20,46,smac3,1.0206510413557042,0.3391339511844907,282.8360216617584
wfg2,3,20,47,baseline,0.9434388996808041,0.4175351309568188,284.7750494480133
wfg2,3,20,46,dynamic,0.9305809509202432,0.4197443437293514,295.0644733905792
wfg2,3,20,47,smac3,1.0153031018963192,0.34696003383100427,283.2487196922302
wfg2,3,20,47,dynamic,0.9317017153656908,0.4206109113178786,293.0505197048187
wfg2,3,20,48,baseline,0.9777480859522651,0.3793972895778392,285.9539897441864
wfg2,3,20,49,baseline,0.965315709529434,0.3935602111510965,280.6335639953613
wfg2,3,20,48,smac3,1.0146966342703523,0.34387774607715826,287.6423456668854
wfg2,3,20,49,smac3,1.012514861917885,0.34479105114735015,282.80675292015076
wfg2,3,20,49,dynamic,0.9143340580818389,0.45404956632372734,291.31309628486633
wfg2,3,20,48,dynamic,0.9094228766017847,0.4553901024722327,296.83232259750366
wfg2,3,20,50,baseline,0.9844897995479099,0.35459087364116376,285.54233384132385
wfg2,3,20,50,smac3,0.9527384872035681,0.4012600935373023,283.64251255989075
wfg2,3,20,51,baseline,0.9399290681863782,0.413429112569855,287.9028789997101
wfg2,3,20,50,dynamic,0.913808719593997,0.43055696251761866,295.6351339817047
wfg2,3,20,51,smac3,1.2134314431401356,0.05335961347885605,285.59527921676636
wfg2,3,20,51,dynamic,0.8533490777524239,0.48686790987739537,294.66291642189026
wfg2,3,20,52,baseline,0.9265881136173686,0.4220360184469917,280.17110800743103
wfg2,3,20,52,smac3,1.0209809026338788,0.33111945720711206,282.7392499446869
wfg2,3,20,53,baseline,0.9544008277075102,0.3988861200834909,280.4920701980591
wfg2,3,20,53,smac3,0.9734099301209851,0.39200336109893147,281.8586506843567
wfg2,3,20,52,dynamic,0.8820243232599576,0.46423477926059625,294.5190498828888
wfg2,3,20,54,baseline,1.0872363656362947,0.18080506595840395,279.3052136898041
wfg2,3,20,53,dynamic,0.8824626760624601,0.47274150137454174,290.0343334674835
wfg2,3,20,54,smac3,1.1879431729895913,0.08139210528634051,282.593843460083
wfg2,3,20,55,baseline,1.0028408309961292,0.35388789407112886,280.4073052406311
wfg2,3,20,54,dynamic,1.051554692954,0.22505472836737048,293.5886309146881
wfg2,3,20,55,smac3,0.9887560367115878,0.3675580765325272,284.13116240501404
wfg2,3,20,55,dynamic,1.0746573001290773,0.18501946144417036,291.5523853302002
wfg2,3,20,56,baseline,1.173937957276477,0.08817643289729411,283.0281391143799
wfg2,3,20,56,smac3,1.0278909152676896,0.33507710541822855,284.0453279018402
wfg2,3,20,56,dynamic,0.9083384873135308,0.4455091036668408,289.59268045425415
wfg2,3,20,57,baseline,0.982756423593556,0.3774629827098829,281.19832396507263
wfg2,3,20,57,smac3,1.1950511500073926,0.0701357158941503,281.89932012557983
wfg2,3,20,58,smac3,0.9842687244674648,0.3811089014637156,280.45365953445435
wfg2,3,20,58,baseline,0.9703641477557483,0.3887752619876121,281.80297231674194
wfg2,3,20,57,dynamic,0.9397224383409171,0.40214140839619755,294.2710680961609
wfg2,3,20,59,baseline,0.9450568515249634,0.40107308370784284,282.77313899993896
wfg2,3,20,59,smac3,1.006422594064425,0.3445930541265024,281.2154064178467
wfg2,3,20,58,dynamic,0.848772876270318,0.5182528163922542,290.5236876010895
wfg2,3,20,60,baseline,0.991947395705413,0.352603979225851,282.17019987106323
wfg2,3,20,59,dynamic,0.9548388237382543,0.37542239097795727,291.45934557914734
wfg2,3,20,60,smac3,1.0112573922516672,0.3436604002112316,283.9263081550598
wfg2,3,20,60,dynamic,0.9350765961076295,0.43360229427630514,290.8998746871948
wfg2,3,20,61,baseline,0.9916801639673078,0.3609610864940739,280.97620677948
wfg2,3,20,61,smac3,1.1819535423599161,0.08434819614575245,280.51457047462463
wfg2,3,20,62,baseline,1.1077891748379383,0.14785919682829493,279.79664039611816
wfg2,3,20,61,dynamic,0.9386808590834788,0.3993463638142021,291.5723514556885
wfg2,3,20,62,smac3,1.1850920128284714,0.08614629956977488,281.0522356033325
wfg2,3,20,63,baseline,1.116775431465325,0.13702366889868298,283.59224677085876
wfg2,3,20,63,smac3,1.1683339807824349,0.10402445479386145,282.88606333732605
wfg2,3,20,62,dynamic,1.0947823227220994,0.1699951259886829,292.5830612182617
wfg2,3,20,64,baseline,1.136436311718897,0.12065241083677675,280.99934244155884
wfg2,3,20,63,dynamic,0.8536345078290046,0.5153724615237906,290.0425007343292
wfg2,3,20,64,smac3,1.1945059184487496,0.07435777326041643,283.4790279865265
wfg2,3,20,65,baseline,0.9473394817232035,0.40663626091042165,282.8308312892914
wfg2,3,20,64,dynamic,1.0141560328739176,0.2237686484923402,293.9728422164917
wfg2,3,20,65,smac3,1.126716692061467,0.14474574274076416,282.9366765022278
wfg2,3,20,65,dynamic,0.9198526146908003,0.42876093687085537,292.6208951473236
wfg2,3,20,66,baseline,1.0087687906922085,0.346416804135305,279.38042402267456
wfg2,3,20,66,smac3,0.9940155878085846,0.36236453140141234,281.16190123558044
wfg2,3,20,67,baseline,0.9989691924220699,0.3533947083715518,279.71598982810974
wfg2,3,20,66,dynamic,0.9210643906199036,0.4231439377534683,290.9072530269623
wfg2,3,20,67,smac3,0.9811881379062077,0.38835648973802933,284.8196349143982
wfg2,3,20,68,smac3,1.0337959244085662,0.3346076932306899,278.5461440086365
wfg2,3,20,68,baseline,0.9756317419274225,0.375238778387665,280.37269139289856
wfg2,3,20,67,dynamic,0.9285784901225832,0.4267714020497464,292.2217900753021
wfg2,3,20,68,dynamic,0.9148100991990619,0.4178777961991844,289.747355222702
wfg2,3,20,69,baseline,0.9864907927334492,0.3604496768887861,282.6761863231659
wfg2,3,20,69,smac3,1.178136737252534,0.08772486801978037,287.11695671081543
wfg2,3,20,69,dynamic,0.8850737527001964,0.4528364647386484,296.4965138435364
wfg3,2,10,42,smac3,0.6903863356117868,0.018409126556640325,104.45184898376465
wfg3,2,10,42,baseline,0.7005010819358879,0.012308356934111656,106.92525863647461
wfg3,2,10,42,dynamic,0.6845412890087442,0.0247649961420683,107.0536937713623
wfg3,2,10,43,baseline,0.7057247855664492,0.005495443005544596,105.99890446662903
wfg3,2,10,43,smac3,0.6962037431834421,0.01848879307389576,103.83200263977051
wfg3,2,10,43,dynamic,0.629535212886502,0.10126844325614322,105.92199468612671
wfg3,2,10,44,baseline,0.6969193160647628,0.017464134826815074,103.36801242828369
wfg3,2,10,44,smac3,0.5720828017041828,0.21902130576933213,102.32020950317383
wfg2,3,20,70,baseline,1.1846229276572078,0.0699846109631295,290.1977117061615
wfg2,3,20,70,smac3,1.0372564990127087,0.3232238795692641,291.84989190101624
wfg3,2,10,44,dynamic,0.6865714029301635,0.03306189004355638,103.8438789844513
wfg3,2,10,45,baseline,0.7019195749983671,0.00940161001450244,103.89028429985046
wfg3,2,10,45,smac3,0.7030462593581379,0.008721541642390999,104.36640334129333
wfg3,2,10,45,dynamic,0.6967577133730751,0.017249520412030272,105.25110483169556
wfg3,2,10,46,baseline,0.6856254906509477,0.027224324043971654,102.47857999801636
wfg3,2,10,46,smac3,0.6685010013282823,0.06142756511836095,105.05170011520386
wfg3,2,10,46,dynamic,0.693875276949738,0.021151464683598357,108.46643257141113
wfg3,2,10,47,baseline,0.7011910477289451,0.009316793950035492,110.41965246200562
wfg2,3,20,70,dynamic,0.9553194284949528,0.3920166026137413,305.6437613964081
wfg2,3,20,71,baseline,0.9756543405667975,0.37391310352126655,296.7624590396881
wfg2,3,20,71,smac3,0.9763667596349799,0.3752051805340207,297.6726887226105
wfg3,2,10,47,smac3,0.6964492331899564,0.014483031973328633,110.65882062911987
wfg2,3,20,71,dynamic,0.901020574447656,0.4556131296039123,309.18459725379944
wfg3,2,10,47,dynamic,0.6964965052609584,0.017958857148335873,114.48563981056213
wfg3,2,10,48,smac3,0.667471582853171,0.05829308402623179,111.84762954711914
wfg3,2,10,48,baseline,0.704295020605195,0.007327623483248549,113.89976501464844
wfg3,2,10,48,dynamic,0.6764407886625833,0.03366342928332871,112.17411279678345
wfg3,2,10,49,baseline,0.7009636325485826,0.011613051152228646,112.67425775527954
wfg3,2,10,49,smac3,0.7017712241555084,0.010116152511801903,113.08075165748596
wfg3,2,10,49,dynamic,0.6879736376653223,0.019011130612250925,114.11648297309875
wfg3,2,10,50,baseline,0.699212286046784,0.012923593496975697,111.08926749229431
wfg3,2,10,50,smac3,0.6929512881826865,0.014964631563540281,108.01932168006897
wfg3,2,10,50,dynamic,0.6911008442829638,0.018047431167230572,109.02150321006775
wfg3,2,10,51,baseline,0.6906681597363942,0.024217315188610495,107.29227566719055
wfg3,2,10,51,smac3,0.6817852673563556,0.030952287662864012,103.23176074028015
wfg3,2,10,51,dynamic,0.6953182784956049,0.019938130952684433,103.78838443756104
wfg3,2,10,52,baseline,0.6940178354110567,0.014822064753883231,102.15605425834656
wfg3,2,10,52,smac3,0.6813767339702967,0.03484812584672217,100.86462998390198
wfg3,2,10,52,dynamic,0.698219318444574,0.015082856771223785,102.15295028686523
wfg3,2,10,53,baseline,0.6938456826344261,0.021815451660299214,102.75758242607117
wfg3,2,10,53,smac3,0.6269217668612337,0.12407340874802782,101.1098244190216
wfg3,2,10,54,baseline,0.6964926500329268,0.011720054594617084,102.63904452323914
wfg3,2,10,53,dynamic,0.6865544942550869,0.02273186632719012,104.0659236907959
wfg3,2,10,54,smac3,0.6935905497118495,0.01669627048395849,101.48703908920288
wfg3,2,10,54,dynamic,0.6707978903434035,0.04069829732296507,102.87308120727539
wfg3,2,10,55,baseline,0.6982230856962931,0.009877474014137477,100.28022193908691
wfg3,2,10,55,smac3,0.6992334962937261,0.013941969853838417,100.70959138870239
wfg3,2,10,55,dynamic,0.6986180079624618,0.014218033364550292,102.11123752593994
wfg3,2,10,56,baseline,0.7036279615471065,0.008084454954529056,98.294442653656
wfg3,2,10,56,smac3,0.6949842201110278,0.020101945922408736,98.77043509483337
wfg3,2,10,56,dynamic,0.6846701409255579,0.028987387765137936,100.30751776695251
wfg3,2,10,57,baseline,0.6958132973975489,0.01905481231886754,98.27849221229553
wfg3,2,10,57,smac3,0.700516980219895,0.009181149043512764,98.77347135543823
wfg3,2,10,58,baseline,0.6835606842663088,0.025639082972128798,98.55035448074341
wfg3,2,10,57,dynamic,0.6423430509895622,0.09478315307204634,101.31606435775757
wfg3,2,10,58,smac3,0.698390100026699,0.0114568037738815,100.48309016227722
wfg3,2,10,58,dynamic,0.6856900377029792,0.027101488209644944,101.15929675102234
wfg3,2,10,59,baseline,0.69096337769876,0.016117214780317357,100.63086724281311
wfg3,2,10,59,smac3,0.6936254243010072,0.02057427603410499,101.11095976829529
wfg3,2,10,59,dynamic,0.668216564519662,0.04520095451664753,101.16310834884644
wfg3,2,10,60,baseline,0.6915800074562862,0.025080681025288078,99.83178949356079
wfg3,2,10,60,smac3,0.6719890929657575,0.05663562774567454,100.25533175468445
wfg3,2,10,60,dynamic,0.6474130500817075,0.07376069486635202,99.4465503692627
wfg3,2,10,61,baseline,0.6924119950593421,0.016906004363653658,97.79446125030518
wfg3,2,10,61,smac3,0.7004071108223819,0.011640785720859524,99.35705518722534
wfg3,2,10,61,dynamic,0.671974601222465,0.0395978397538285,99.33774209022522
wfg3,2,10,62,baseline,0.698060542197316,0.015819528694731386,98.83013796806335
wfg3,2,10,62,smac3,0.6556644602100744,0.08186304880621309,97.53004455566406
wfg3,2,10,62,dynamic,0.6778112605585231,0.03453834603162878,101.79362940788269
wfg3,2,10,63,baseline,0.699511311076099,0.012285045636748098,100.33498454093933
wfg3,2,10,63,smac3,0.6539037935648553,0.0859820219779965,100.37772417068481
wfg3,2,10,63,dynamic,0.6894016594419659,0.01745573088052426,101.66569876670837
wfg3,2,10,64,baseline,0.6997800310610721,0.013390260354883884,100.58802151679993
wfg3,2,10,64,smac3,0.703297783494705,0.0076599807911208045,100.21754169464111
wfg3,2,10,64,dynamic,0.6825736040760942,0.025393402232766035,101.72461819648743
wfg3,2,10,65,baseline,0.6878659372266251,0.03141502581905186,100.68289470672607
wfg3,2,10,65,smac3,0.6619968467183778,0.07302557423324693,98.40228128433228
wfg3,2,10,65,dynamic,0.6771478580282063,0.035544459235397396,98.59160876274109
wfg3,2,10,66,smac3,0.6990738587179405,0.014064089586725595,98.06083607673645
wfg3,2,10,66,baseline,0.6930903136357405,0.020758034015532563,98.77415490150452
wfg3,2,10,67,baseline,0.7030224338148285,0.008806389039784477,97.56603741645813
wfg3,2,10,66,dynamic,0.590965172683424,0.18411162283269586,100.21816968917847
wfg3,2,10,67,smac3,0.7002210653439379,0.012579185115508547,99.86427688598633
wfg3,2,10,67,dynamic,0.6732605881289733,0.0498997377781095,100.98256134986877
wfg3,2,10,68,baseline,0.6845452141234758,0.02369151154454062,100.60229539871216
wfg3,2,10,68,smac3,0.6954769888526604,0.019047474738628115,100.5505759716034
wfg3,2,10,68,dynamic,0.6782740915300911,0.033854733388399096,101.97849202156067
wfg3,2,10,69,baseline,0.6971593412757836,0.017194028734875296,100.75160884857178
wfg3,2,10,69,smac3,0.6693990881352444,0.05190231751709991,100.93780660629272
wfg3,2,10,70,baseline,0.7000300889874471,0.013161531416911378,98.87811374664307
wfg3,2,10,69,dynamic,0.6897303612771872,0.024763122422137334,101.68589377403259
wfg3,2,10,70,smac3,0.7030434452095992,0.008920099613373032,98.53161573410034
wfg3,2,10,71,baseline,0.7006430806298486,0.012361590153351521,98.81298732757568
wfg3,2,10,70,dynamic,0.6961106836409878,0.018662625309667114,100.08577609062195
wfg3,2,10,71,smac3,0.6925569945060093,0.016757536038082818,98.9069128036499
wfg3,2,10,71,dynamic,0.6149069230032517,0.12225923622012785,100.81609272956848
wfg3,2,20,42,baseline,0.6691952400157318,0.06098115987414738,208.42495775222778
wfg3,2,20,42,smac3,0.6578648657683261,0.07999673089593698,207.71918773651123
wfg3,2,20,42,dynamic,0.6494678624726126,0.07474209668078817,214.58130383491516
wfg3,2,20,43,baseline,0.6449706965536783,0.10068404122618296,208.2149977684021
wfg3,2,20,43,smac3,0.6420050862674275,0.10644958244780359,209.23177027702332
wfg3,2,20,43,dynamic,0.6593806424688271,0.06890455421035899,214.8356819152832
wfg3,2,20,44,baseline,0.6961824301188017,0.018663342360480298,208.376624584198
wfg3,2,20,44,smac3,0.6743996789010931,0.052839679828374286,206.79178500175476
wfg3,2,20,45,baseline,0.684522536360287,0.037476806594601036,205.88042640686035
wfg3,2,20,44,dynamic,0.6511969768625514,0.08493991978562455,217.24683451652527
wfg3,2,20,45,smac3,0.6554310989727778,0.0842633124110122,207.08122730255127
wfg3,2,20,45,dynamic,0.6583188399360728,0.06881395849430219,212.93558168411255
wfg3,2,20,46,baseline,0.6548037011412138,0.0819088547088788,207.48196959495544
wfg3,2,20,46,smac3,0.6572150784858826,0.0814308770750697,207.1106162071228
wfg3,2,20,46,dynamic,0.6348507204353857,0.11369400530638382,215.6176631450653
wfg3,2,20,47,baseline,0.6810667456434678,0.04285652382987958,209.4993851184845
wfg3,2,20,47,smac3,0.6766635453555703,0.04994421515845738,210.10319328308105
wfg3,2,20,47,dynamic,0.6357672283897873,0.09903363942021669,216.76257824897766
wfg3,2,20,48,baseline,0.638943185280264,0.09685450800675226,209.7962772846222
wfg3,2,20,48,smac3,0.6723074044875256,0.056721057037019955,210.62534093856812
wfg3,2,20,49,baseline,0.6551373822421244,0.0849210249889456,207.48700189590454
wfg3,2,20,49,smac3,0.6431227022527056,0.10224018670721893,206.62860560417175
wfg3,2,20,48,dynamic,0.5684713788323428,0.19776898103248813,216.97771787643433
wfg3,2,20,50,baseline,0.6873884795113187,0.032486993127458175,207.02903699874878
wfg3,2,20,49,dynamic,0.6280130147555795,0.10997400604902968,218.67991089820862
wfg3,2,20,50,smac3,0.6502577780291985,0.09224172684365627,208.06549787521362
wfg3,2,20,51,baseline,0.6427395756337773,0.10258959894509409,207.0453953742981
wfg3,2,20,50,dynamic,0.6490432465665243,0.08689363961904267,214.70641350746155
wfg3,2,20,51,smac3,0.6751287599215701,0.05126964879495003,210.35986924171448
wfg3,2,20,51,dynamic,0.6453926240388507,0.08239598114243366,216.54395818710327
wfg3,2,20,52,baseline,0.6829366372304494,0.030214652609180524,209.63331174850464
wfg3,2,20,52,smac3,0.6655862518849504,0.06782135791248123,210.7711091041565
wfg3,2,20,52,dynamic,0.6177538876826145,0.1331340931126666,217.00987100601196
wfg3,2,20,53,baseline,0.6315036527753134,0.12325893525583297,208.04412722587585
wfg3,2,20,53,smac3,0.6839067124876164,0.03810277140016005,206.95121812820435
wfg3,2,20,54,baseline,0.6556865784595088,0.0840182872631954,208.66586327552795
wfg3,2,20,53,dynamic,0.6377753131299323,0.10742958004922523,212.7377359867096
wfg3,2,20,54,smac3,0.6682519986829765,0.06360106033943497,208.42861080169678
wfg3,2,20,55,baseline,0.6528389123780362,0.08723668856813675,205.7139925956726
wfg3,2,20,54,dynamic,0.6100095951782328,0.13960380756488847,217.59393978118896
wfg3,2,20,55,smac3,0.6735393259484983,0.05410737095143336,208.45308566093445
wfg3,2,20,55,dynamic,0.6527737691887466,0.07642145705129162,214.35802292823792
wfg3,2,20,56,baseline,0.6418578573942862,0.09515726354573256,208.25213599205017
wfg3,2,20,56,smac3,0.6838981562506492,0.03846379445231923,210.07687902450562
wfg3,2,20,56,dynamic,0.566168251933819,0.20454136515505858,214.78692436218262
wfg3,2,20,57,baseline,0.6704561815506189,0.055810884844297866,208.3402807712555
wfg3,2,20,58,baseline,0.6698560017507403,0.06069792059906,206.06991124153137
wfg3,2,20,57,smac3,0.6647647733050019,0.06915546678120306,209.72741293907166
wfg3,2,20,57,dynamic,0.6086104735929517,0.13423219437057712,216.1835548877716
wfg3,2,20,58,smac3,0.6652562342705802,0.06826481680096788,209.40746521949768
wfg3,2,20,58,dynamic,0.6259665746770239,0.10875515074107843,212.908118724823
wfg3,2,20,59,baseline,0.676558765431789,0.046506983700533105,207.13733434677124
wfg3,2,20,59,smac3,0.6637929743441475,0.06450355222904094,206.98391914367676
wfg3,2,20,60,baseline,0.6627314950591441,0.0605929248254018,206.5997109413147
wfg3,2,20,59,dynamic,0.6069760881310043,0.14572139843854734,216.071106672287
wfg3,2,20,60,smac3,0.680994197653589,0.04269612976245981,206.53929543495178
wfg3,2,20,60,dynamic,0.6422853881000388,0.09691697172796429,215.46002006530762
wfg3,2,20,61,baseline,0.653783481863493,0.07609582179241021,207.85955595970154
wfg3,2,20,61,smac3,0.6874834885233655,0.03260369095589881,209.75312495231628
wfg3,2,20,61,dynamic,0.6058202627105511,0.14894492934272568,216.06075763702393
wfg3,2,20,62,baseline,0.689214586942579,0.027028448311614668,207.01535415649414
wfg3,2,20,62,smac3,0.6644568300134474,0.0694596413203329,210.61881041526794
wfg3,2,20,63,baseline,0.6729643049173856,0.054523420625655544,209.11566972732544
wfg3,2,20,63,smac3,0.62630903159704,0.13220283833641114,206.59795379638672
wfg3,2,20,62,dynamic,0.6524597746628381,0.08033440256479137,216.58268928527832
wfg3,2,20,64,baseline,0.6559717807019786,0.07922009772590792,206.05421257019043
wfg3,2,20,63,dynamic,0.6756953952925623,0.049777628065336574,214.41026878356934
wfg3,2,20,64,smac3,0.6655488508674593,0.06695565534363221,207.83581614494324
wfg3,2,20,65,baseline,0.6678786062913578,0.06425396739416082,207.16745114326477
wfg3,2,20,64,dynamic,0.5873285315226228,0.1696601111542313,217.203684091568
wfg3,2,20,65,smac3,0.6353734139257103,0.11708631332011486,209.11234402656555
wfg3,2,20,66,baseline,0.6718303930852595,0.04754258307028678,208.46868252754211
wfg3,2,20,65,dynamic,0.6681741245540825,0.06234335887968022,215.93869996070862
wfg3,2,20,66,smac3,0.6368207521547287,0.11525818303388123,210.69306921958923
wfg3,2,20,66,dynamic,0.657384088291095,0.07793332896046284,213.25487732887268
wfg3,2,20,67,baseline,0.677383264374964,0.041449551347217235,209.81894659996033
wfg3,2,20,67,smac3,0.6656146619038658,0.06763317280622166,210.2683720588684
wfg3,2,20,67,dynamic,0.6656728091767998,0.05654634139748558,212.2262499332428
wfg3,2,20,68,baseline,0.6727916913120964,0.0563021882985807,209.57677841186523
wfg3,2,20,68,smac3,0.6558473185456346,0.08259778568411187,206.88275337219238
wfg3,2,20,68,dynamic,0.6463115874644284,0.0939202705288004,214.21368384361267
wfg3,2,20,69,baseline,0.6682563248242581,0.0523754303371974,207.45194745063782
wfg3,2,20,69,smac3,0.6679731091775393,0.056445017227071445,208.96374487876892
wfg3,2,20,69,dynamic,0.6228146372125046,0.126656220130171,216.57619953155518
wfg3,3,10,42,smac3,0.8450910600331223,0.040948990191995015,144.5916895866394
wfg3,3,10,42,baseline,0.8439787068024893,0.035390249824934904,147.90603947639465
wfg3,3,10,43,baseline,0.8027880227138494,0.0740631872917347,145.75173139572144
wfg3,3,10,42,dynamic,0.8225020301162957,0.04581539949189985,151.12301921844482
wfg3,2,20,70,baseline,0.6802876882032903,0.04334329728024026,208.94336342811584
wfg3,3,10,43,smac3,0.8450358416479357,0.04097603086538167,147.05829215049744
wfg3,2,20,70,smac3,0.6711120073509265,0.05759788285633369,208.97904872894287
wfg3,3,10,43,dynamic,0.794813492215733,0.0773265533908485,149.39935684204102
wfg3,2,20,70,dynamic,0.6070699734740751,0.15222451650167898,216.95907735824585
wfg3,3,10,44,baseline,0.8122305255118278,0.06123439560170976,146.03667831420898
wfg3,2,20,71,baseline,0.67761716182486,0.04092275981541539,213.17243480682373
wfg3,2,20,71,smac3,0.6630313065932375,0.07142828381271664,206.3767650127411
wfg3,3,10,44,smac3,0.8427359494713914,0.042768467662233814,150.17184233665466
wfg3,2,20,71,dynamic,0.627174325885976,0.1175033915559265,219.38919711112976
wfg3,3,10,44,dynamic,0.6332382681767346,0.4264479898982667,148.46027851104736
wfg3,3,10,45,baseline,0.8442360945954526,0.03429756694481209,149.5117847919464
wfg3,3,10,45,smac3,0.8451253119328025,0.03931652193546405,145.6536214351654
wfg3,3,10,45,dynamic,0.7641921505645353,0.12101670209163111,153.44149208068848
wfg3,3,10,46,baseline,0.84449245339003,0.03451987881955403,148.61548352241516
wfg3,3,10,46,smac3,0.8440277421362503,0.04290720685171848,146.91299510002136
wfg3,3,10,47,baseline,0.8326066501377405,0.04793115609871473,144.8679883480072
wfg3,3,10,46,dynamic,0.8400754731208415,0.04335952207062447,153.53787755966187
wfg3,3,10,47,smac3,0.8445494114770737,0.041827781737314336,148.2784366607666
wfg3,3,10,47,dynamic,0.7244485047041602,0.1860168427999029,149.93748450279236
wfg3,3,10,48,smac3,0.8283347246405397,0.05116986485722322,145.49809098243713
wfg3,3,10,48,baseline,0.8202994975316086,0.05786762907764617,147.77556014060974
wfg3,3,10,48,dynamic,0.79512909860575,0.07722564140439155,151.53208351135254
wfg3,3,10,49,baseline,0.844527929489288,0.03341649712841743,148.2851972579956
wfg3,3,10,49,smac3,0.8443395305259608,0.04249879240352697,145.16798043251038
wfg3,3,10,50,baseline,0.8446835340049799,0.033144887437921655,144.89642238616943
wfg3,3,10,49,dynamic,0.700374761600462,0.22662846992706256,152.05600833892822
wfg3,3,10,50,smac3,0.8280303449718757,0.051102635893043195,147.8762059211731
wfg3,3,10,51,baseline,0.8305707438192877,0.05024615401866854,146.3066234588623
wfg3,3,10,50,dynamic,0.6625927966054044,0.3323418272450738,151.23899245262146
wfg3,3,10,51,smac3,0.845040151129096,0.040962989354896895,146.42881298065186
wfg3,3,10,52,baseline,0.8283501838457648,0.051924573136730066,146.65409231185913
wfg3,3,10,51,dynamic,0.7953870742724669,0.07873461964579612,151.50701189041138
wfg3,3,10,52,smac3,0.8393605123942949,0.04348431458124514,146.23930501937866
wfg3,3,10,53,baseline,0.8244905598927139,0.05584539139805039,148.43988060951233
wfg3,3,10,52,dynamic,0.775850715524786,0.10552040701387452,149.86843132972717
wfg3,3,10,53,smac3,0.8450282489789819,0.03949393411329873,147.57186079025269
wfg3,3,10,53,dynamic,0.7782234277271137,0.09826726881791947,151.57745552062988
wfg3,3,10,54,baseline,0.841728854450207,0.03943883249952104,145.73338747024536
wfg3,3,10,54,smac3,0.8450382459186127,0.04112120889765542,145.39274072647095
wfg3,3,10,54,dynamic,0.7142363696845624,0.20059678866479516,152.01130318641663
wfg3,3,10,55,baseline,0.8271541472034478,0.053066515289449424,147.14020156860352
wfg3,3,10,55,smac3,0.7914354573319631,0.08125630823429018,146.5909764766693
wfg3,3,10,55,dynamic,0.7768687660805644,0.09584308415176412,151.97135066986084
wfg3,3,10,56,baseline,0.8024411056053755,0.07512370652024904,146.308096408844
wfg3,3,10,56,smac3,0.8450173449962817,0.039265396648980606,147.59543776512146
wfg3,3,10,57,baseline,0.8298202662542542,0.0506091916887799,145.48782205581665
wfg3,3,10,56,dynamic,0.7369759248478895,0.16186558157938424,151.26646304130554
wfg3,3,10,57,smac3,0.8129544166850796,0.06711357013290337,147.89601683616638
wfg3,3,10,57,dynamic,0.7646301996433301,0.11577043948665461,149.7753496170044
wfg3,3,10,58,baseline,0.7756225465330369,0.10945242154584003,147.9168882369995
wfg3,3,10,58,smac3,0.8448039132070332,0.040926629696836574,149.35202383995056
wfg3,3,10,59,baseline,0.8189406535813243,0.05961304720232964,144.29861521720886
wfg3,3,10,58,dynamic,0.7510407662270056,0.14015496900839705,148.7224531173706
wfg3,3,10,59,smac3,0.8215568550674712,0.05260047612557922,147.64222693443298
wfg3,3,10,60,baseline,0.807696949097741,0.07363839120336185,147.15440583229065
wfg3,3,10,59,dynamic,0.7954526975203049,0.08011060905878348,151.5314998626709
wfg3,3,10,60,smac3,0.8323307428124913,0.04646527158014937,147.35799193382263
wfg3,3,10,60,dynamic,0.8015329061668173,0.07291520522744782,150.4954128265381
wfg3,3,10,61,baseline,0.8206171727183693,0.05558464703395942,147.06028246879578
wfg3,3,10,61,smac3,0.8342509253351171,0.043978738896245345,146.05695176124573
wfg3,3,10,61,dynamic,0.7407693311855286,0.15634393861627036,152.02892398834229
wfg3,3,10,62,smac3,0.8280563480822998,0.04905032829168535,145.37405824661255
wfg3,3,10,62,baseline,0.8211998500546891,0.059366125775195594,148.19415068626404
wfg3,3,10,62,dynamic,0.7426868443134816,0.15589127092575514,152.7129864692688
wfg3,3,10,63,baseline,0.8023839090599074,0.07801878605703207,148.75432443618774
wfg3,3,10,63,smac3,0.8153884392627901,0.05664277705802575,145.43852353096008
wfg3,3,10,63,dynamic,0.7456274149362723,0.1451107074488157,148.72586131095886
wfg3,3,10,64,baseline,0.8440708937005867,0.03473231589311041,147.41917276382446
wfg3,3,10,64,smac3,0.8348017004774186,0.042321282769066854,147.28049230575562
wfg3,3,10,64,dynamic,0.8161828415589928,0.05108018160550289,151.7705488204956
wfg3,3,10,65,baseline,0.8222775607489596,0.057153376203969916,148.40400314331055
wfg3,3,10,65,smac3,0.8297155495094192,0.05187214378525855,145.94621348381042
wfg3,3,10,66,baseline,0.8443972002076343,0.03469760132735457,146.29948091506958
wfg3,3,10,65,dynamic,0.7899574070276937,0.07963880400823256,151.88869285583496
wfg3,3,10,66,smac3,0.837128643438348,0.041468006241204634,147.95993494987488
wfg3,3,10,67,baseline,0.8092739998463687,0.06906752903785103,146.8483464717865
wfg3,3,10,66,dynamic,0.786317149899014,0.08327468934973385,150.18810749053955
wfg3,3,10,67,smac3,0.8447934556472134,0.041275788311538435,148.80974221229553
wfg3,3,10,67,dynamic,0.7436830785298107,0.1426458850691287,152.0872323513031
wfg3,3,10,68,baseline,0.84151808627166,0.03906614286045961,145.88884353637695
wfg3,3,10,68,smac3,0.8336947820006906,0.045021105326052926,144.87011313438416
wfg3,3,10,68,dynamic,0.8104889148375269,0.06442254796563546,151.12881898880005
wfg3,3,10,69,baseline,0.844443949290161,0.03573975342141627,147.41339135169983
wfg3,3,10,70,baseline,0.8271442581565405,0.05065895572719319,145.5852086544037
wfg3,3,10,69,smac3,0.8434916646377403,0.04049737844433216,147.81301856040955
wfg3,3,10,69,dynamic,0.7710498618643725,0.11206733513277566,152.34569025039673
wfg3,3,10,70,smac3,0.839712251500685,0.045472923540133624,146.2692952156067
wfg3,3,10,70,dynamic,0.7961993701126618,0.08092615016727114,152.5405032634735
wfg3,3,10,71,baseline,0.8444505001710652,0.0344263481385115,147.8039689064026
wfg3,3,10,71,smac3,0.8078322059944933,0.07163322622132409,148.93176770210266
wfg3,3,10,71,dynamic,0.7923206894147767,0.08382953107928814,150.0958137512207
wfg3,3,20,42,baseline,0.7796388824819865,0.14631835643881522,276.8357582092285
wfg3,3,20,42,smac3,0.7935595951318897,0.13354165809156102,279.0271155834198
wfg3,3,20,43,baseline,0.7469273576645709,0.16299120730177388,273.2663543224335
wfg3,3,20,42,dynamic,0.7347566208260489,0.22177829619075723,284.43814754486084
wfg3,3,20,43,smac3,0.8089489451385183,0.1069905270091765,277.61116790771484
wfg3,3,20,44,baseline,0.7758154993504449,0.15631360856290874,274.4062645435333
wfg3,3,20,44,smac3,0.8095721614343807,0.10254488251148976,276.425194978714
wfg3,3,20,43,dynamic,0.7157748090001826,0.21088401822662173,286.63274574279785
wfg3,3,20,45,baseline,0.8371771907364098,0.060782080357541894,272.8580536842346
wfg3,3,20,44,dynamic,0.6960490375182119,0.2740974896368783,290.8991355895996
wfg3,3,20,45,smac3,0.7798345551133048,0.15859543394408931,277.1858084201813
wfg3,3,20,46,baseline,0.8020796501832943,0.08607899821652198,277.14416241645813
wfg3,3,20,46,smac3,0.7944357760326145,0.12215988548377214,273.27830243110657
wfg3,3,20,45,dynamic,0.7653714999898782,0.12711358804403514,287.39130902290344
wfg3,3,20,46,dynamic,0.7668438000501756,0.1257716096589252,290.02398014068604
wfg3,3,20,47,baseline,0.7992057608535448,0.17444344226837202,277.4714877605438
wfg3,3,20,47,smac3,0.8062742394891264,0.1575796239279781,274.1487855911255
wfg3,3,20,47,dynamic,0.7076551176264148,0.26480687032659084,285.43482995033264
wfg3,3,20,48,baseline,0.8292364432725527,0.08695481614108887,277.36288952827454
wfg3,3,20,48,smac3,0.7948441032746851,0.13806053495550877,276.34073996543884
wfg3,3,20,49,baseline,0.7605987154413134,0.19579623813094227,275.64373445510864
wfg3,3,20,49,smac3,0.8096318077264342,0.1473809923706285,275.7671003341675
wfg3,3,20,48,dynamic,0.6997476582562194,0.24322875665102398,290.3100643157959
wfg3,3,20,50,baseline,0.7562080923420271,0.14206348390129497,279.28652906417847
wfg3,3,20,50,smac3,0.7754423503215134,0.12687542915853972,278.8889272212982
wfg3,3,20,49,dynamic,0.6933940627132456,0.29556304298589176,290.1009991168976
wfg3,3,20,51,baseline,0.8284954081248466,0.0874077811358973,278.137478351593
wfg3,3,20,50,dynamic,0.7816991172120886,0.14948832755111965,287.6919777393341
wfg3,3,20,51,smac3,0.8226713434315509,0.09795020356898723,279.58564949035645
wfg3,3,20,51,dynamic,0.6798494766749588,0.32091466150070647,290.43573689460754
wfg3,3,20,52,baseline,0.8048425101108807,0.1582919057041814,273.75954818725586
wfg3,3,20,52,smac3,0.7867032528697062,0.13048177598011615,274.7944588661194
wfg3,3,20,53,baseline,0.8179593329208583,0.09938753433447177,275.16963505744934
wfg3,3,20,53,smac3,0.8080169779481581,0.10183666064732472,274.0338809490204
wfg3,3,20,52,dynamic,0.6974879074839513,0.2779554241242964,288.2010600566864
wfg3,3,20,53,dynamic,0.7979378324462267,0.09622441743979268,286.3031861782074
wfg3,3,20,54,baseline,0.7872375789327555,0.11052437903785564,276.8799800872803
wfg3,3,20,54,smac3,0.7902437529634112,0.1150120628444967,277.3536901473999
wfg3,3,20,55,baseline,0.7969357841573292,0.17125796758676967,276.4447693824768
wfg3,3,20,55,smac3,0.8247939670558055,0.0964768272899757,277.17207312583923
wfg3,3,20,54,dynamic,0.6848317620405573,0.2954196855291964,290.2253396511078
wfg3,3,20,55,dynamic,0.7637964475550838,0.18871184281725484,286.8444130420685
wfg3,3,20,56,baseline,0.7464043036768453,0.18854810617997983,288.30018377304077
wfg3,3,20,56,smac3,0.8202382165989877,0.11447295420762439,290.4108908176422
wfg3,3,20,56,dynamic,0.7465698717034354,0.1751957174189291,297.8080723285675
wfg3,3,20,57,baseline,0.8190292650974941,0.09083646319749712,286.07891488075256
wfg3,3,20,57,smac3,0.7863868805276771,0.15404837967188137,290.38596272468567
wfg3,3,20,57,dynamic,0.6701249672992999,0.3328970437803184,299.20683121681213
wfg3,3,20,58,baseline,0.7712641783620295,0.1419570766343358,292.8610236644745
wfg3,3,20,58,smac3,0.820976099368498,0.07985863582357697,290.3106129169464
wfg3,3,20,59,baseline,0.8400309271390403,0.045926927062658246,291.87914967536926
wfg3,3,20,58,dynamic,0.7601806568336367,0.1571716910486707,303.0219831466675
wfg3,3,20,59,smac3,0.7559573921897575,0.17494566106719092,293.23393034935
wfg3,3,20,60,baseline,0.8305521580320755,0.049988057139728856,291.7171633243561
wfg3,3,20,60,smac3,0.8044137444046668,0.13330724310705258,290.2516026496887
wfg3,3,20,59,dynamic,0.7662512857517086,0.13063276247186317,306.77352929115295
wfg3,3,20,60,dynamic,0.7537018510921876,0.1942464049115069,295.0378818511963
wfg3,3,20,61,baseline,0.7800252385740954,0.11737731419574175,285.3852152824402
wfg3,3,20,61,smac3,0.76154598813809,0.1818828136566284,293.47786688804626
wfg3,3,20,61,dynamic,0.6763248896905129,0.29402363095481937,297.47777223587036
wfg3,3,20,62,baseline,0.8351946369851253,0.06983182973697818,293.2038240432739
wfg3,3,20,62,smac3,0.807406760195629,0.14573016314273252,288.673237323761
wfg3,3,20,63,baseline,0.8023265335649112,0.15993746815794035,293.57791113853455
wfg3,3,20,62,dynamic,0.7574543760589432,0.1627164439905436,305.21930956840515
wfg3,3,20,63,smac3,0.8193541469307115,0.09203759421979689,293.8180019855499
wfg3,3,20,63,dynamic,0.733525854208408,0.21290289236326873,302.9681873321533
wfg3,3,20,64,baseline,0.8098275319339967,0.1470411578548935,293.5142230987549
wfg3,3,20,64,smac3,0.8332810834683749,0.0761138279397942,287.825692653656
wfg3,3,20,65,baseline,0.782665221099038,0.10650433807189592,292.93239760398865
wfg3,3,20,64,dynamic,0.5817527021996429,0.5543102855029945,296.78423619270325
wfg3,3,20,65,smac3,0.830883772657718,0.08259367662937836,287.3055582046509
wfg3,3,20,65,dynamic,0.7237595866838014,0.24470083699763612,299.7844178676605
wfg3,3,20,66,baseline,0.8399544989779593,0.05770494937736352,282.11004614830017
wfg3,3,20,66,smac3,0.7821690719497807,0.14772759329109827,281.81562972068787
wfg3,3,20,67,baseline,0.8059630415824555,0.06915556138484541,280.3456690311432
wfg3,3,20,66,dynamic,0.6782642555346822,0.33532065605957284,293.7833936214447
wfg3,3,20,67,smac3,0.8042680803660905,0.14072247582646719,284.2415769100189
wfg3,3,20,68,baseline,0.7727484964747819,0.14473987976304512,283.36697912216187
wfg3,3,20,67,dynamic,0.7565263668069321,0.17475919041238536,295.4584102630615
wfg3,3,20,68,smac3,0.8171404989241626,0.1050874858644217,284.91896319389343
wfg3,3,20,69,baseline,0.768026828925445,0.13680179782004157,282.0436804294586
wfg3,3,20,68,dynamic,0.7365717803778318,0.18223990266637133,293.9183259010315
wfg3,3,20,69,smac3,0.7820763996141916,0.1362862742734218,286.24566078186035
wfg3,3,20,69,dynamic,0.7249595703665227,0.23831876210768163,290.30211353302
wfg4,2,10,42,baseline,0.4145136660313793,0.005702609163932446,95.67506861686707
wfg4,2,10,42,smac3,0.4179978819972509,0.004915948109643808,96.1032657623291
wfg4,2,10,42,dynamic,0.39811878111548843,0.02698322160896611,96.08894729614258
wfg4,2,10,43,smac3,0.42062360419457506,0.004368667775582543,94.14286398887634
wfg4,2,10,43,baseline,0.4190334856238731,0.00556757540399021,95.36718463897705
wfg4,2,10,43,dynamic,0.3845062382311546,0.07508101466227193,98.10199403762817
wfg4,2,10,44,baseline,0.4178859457739826,0.006263735718110503,97.72190856933594
wfg4,2,10,44,smac3,0.4161617234174102,0.004587706093067281,95.66624140739441
wfg3,3,20,70,baseline,0.8317734273236193,0.07028890718960484,286.1376087665558
wfg4,2,10,44,dynamic,0.39881309491575945,0.037758796970686334,101.05434036254883
wfg3,3,20,70,smac3,0.8147383174212586,0.13736617612489022,290.48395347595215
wfg4,2,10,45,baseline,0.4145419041940302,0.010736645347243393,99.15901899337769
wfg4,2,10,45,smac3,0.4171446931958928,0.0058987115422543,100.05317878723145
wfg4,2,10,46,baseline,0.41797179257174594,0.0060478953409992455,99.9273293018341
wfg4,2,10,45,dynamic,0.41000966975705455,0.008539299707405199,101.79926300048828
wfg4,2,10,46,smac3,0.41999077774633653,0.004854653771423518,98.930490732193
wfg4,2,10,46,dynamic,0.4167639494185223,0.006509428219539612,98.96273732185364
wfg4,2,10,47,baseline,0.41842517620468433,0.006028090383573056,95.15987610816956
wfg3,3,20,71,baseline,0.8109725483054486,0.08497290160860624,286.2283146381378
wfg3,3,20,70,dynamic,0.7386846863253003,0.195335928774933,303.59776759147644
wfg3,3,20,71,smac3,0.8237239870598597,0.10506563536103135,287.19800305366516
wfg4,2,10,47,smac3,0.41664470695770145,0.004789559710288878,95.41285157203674
wfg3,3,20,71,dynamic,0.6811967584204346,0.298921410248231,303.7596158981323
wfg4,2,10,47,dynamic,0.4041487241115916,0.018065082586274865,98.0312888622284
wfg4,2,10,48,baseline,0.4179766562308421,0.004974549560666369,95.12246489524841
wfg4,2,10,48,smac3,0.4163920284671466,0.005240928343378284,94.90150046348572
wfg4,2,10,48,dynamic,0.4090096514847462,0.013410296111747079,97.73077511787415
wfg4,2,10,49,baseline,0.41735194259474834,0.00524992638306637,95.52014756202698
wfg4,2,10,49,smac3,0.4161329923476057,0.004811341911478302,95.71749591827393
wfg4,2,10,49,dynamic,0.3789790215148435,0.08497963405290178,96.23430180549622
wfg4,2,10,50,smac3,0.41803664408109037,0.005051504883610545,93.37913060188293
wfg4,2,10,50,baseline,0.4193202625968079,0.005889630610410503,95.68873119354248
wfg4,2,10,50,dynamic,0.40716345826625794,0.013604869529379731,94.40647149085999
wfg4,2,10,51,baseline,0.41328137313070734,0.01339990105076961,94.80273056030273
wfg4,2,10,51,smac3,0.41760825547799535,0.00553005487980459,93.66012477874756
wfg4,2,10,51,dynamic,0.3995875849291264,0.03181927271068472,94.16810202598572
wfg4,2,10,52,smac3,0.4190528909204757,0.00550105044238746,94.6864116191864
wfg4,2,10,52,baseline,0.41063397690746767,0.009267776738180787,95.27340364456177
wfg4,2,10,52,dynamic,0.41397751640141556,0.008105191294076724,94.86063981056213
wfg4,2,10,53,baseline,0.4187633535399024,0.0052320134711396045,93.36789631843567
wfg4,2,10,53,smac3,0.4198590950407042,0.00477692417172328,94.60312914848328
wfg4,2,10,53,dynamic,0.3968161480826738,0.03363841153257656,95.81906795501709
wfg4,2,10,54,baseline,0.4161154068703939,0.01305001319403584,95.27645421028137
wfg4,2,10,54,smac3,0.4196011942307327,0.005665661716634961,94.92280888557434
wfg4,2,10,54,dynamic,0.4069700853132798,0.015447275674557446,94.06346297264099
wfg4,2,10,55,baseline,0.41726683983371016,0.006385113997185814,95.57796835899353
wfg4,2,10,55,smac3,0.41425213464374583,0.007999491257525077,93.25028252601624
wfg4,2,10,55,dynamic,0.4106500082625664,0.008731168600829935,96.12354040145874
wfg4,2,10,56,baseline,0.41991161807907657,0.005236177429994891,93.3131172657013
wfg4,2,10,56,smac3,0.4192689866870595,0.0052988185548259615,93.05247163772583
wfg4,2,10,57,baseline,0.41934505707516406,0.00570580649414999,95.51651453971863
wfg4,2,10,56,dynamic,0.41017091897771846,0.010637437578473794,96.82702231407166
wfg4,2,10,57,smac3,0.42028475204253446,0.004638569443316849,93.06078839302063
wfg4,2,10,57,dynamic,0.4120934791608451,0.007162857757353051,95.1365749835968
wfg4,2,10,58,baseline,0.4182843981909415,0.006134362189567367,94.34200549125671
wfg4,2,10,58,smac3,0.41995575182694134,0.005168960827390824,94.68316340446472
wfg4,2,10,58,dynamic,0.36360510089036263,0.13421746865816211,95.9890558719635
wfg4,2,10,59,smac3,0.42022269799631223,0.004960755988306195,92.66763401031494
wfg4,2,10,59,baseline,0.4190771065733865,0.006176230327182957,95.34628200531006
wfg4,2,10,59,dynamic,0.3879286306520044,0.0571198323472967,96.47327756881714
wfg4,2,10,60,baseline,0.41905965680931184,0.004890668431727925,93.43983268737793
wfg4,2,10,60,smac3,0.4178446330936405,0.004814501476929591,94.74066185951233
wfg4,2,10,60,dynamic,0.41300919497927985,0.0070338221679294,94.82238984107971
wfg4,2,10,61,baseline,0.4185601661426325,0.006904431880871219,93.80184841156006
wfg4,2,10,61,smac3,0.4185840320406266,0.004586973612738948,95.71666860580444
wfg4,2,10,62,baseline,0.41869061230077387,0.006029912721770732,93.39482474327087
wfg4,2,10,62,smac3,0.41905849663240213,0.005652120560157211,92.6333122253418
wfg4,2,10,61,dynamic,0.41499585055852095,0.0067384943399143105,96.73638224601746
wfg4,2,10,62,dynamic,0.39727596044016045,0.029565804605616114,96.31197929382324
wfg4,2,10,63,baseline,0.4176464243374595,0.01276310152134206,94.86691617965698
wfg4,2,10,63,smac3,0.4183087899067946,0.004281355210808482,94.7354907989502
wfg4,2,10,63,dynamic,0.41506680137213386,0.005946199950421842,94.03414273262024
wfg4,2,10,64,baseline,0.41440800148572615,0.006615529972199888,94.62520670890808
wfg4,2,10,64,smac3,0.4190803462740614,0.005722067039866515,95.13759207725525
wfg4,2,10,64,dynamic,0.41719847748034156,0.008685753152346883,94.35133361816406
wfg4,2,10,65,baseline,0.4146638618870084,0.006294226402819705,94.67984580993652
wfg4,2,10,65,smac3,0.41969481326697605,0.00507580944807314,93.85869240760803
wfg4,2,10,65,dynamic,0.41283897423611915,0.006708340233052033,95.21406316757202
wfg4,2,10,66,smac3,0.4187541855509227,0.004540491591335655,94.0882773399353
wfg4,2,10,66,baseline,0.4158861435654441,0.015984202500365856,95.73206686973572
wfg4,2,10,66,dynamic,0.4176127710825628,0.006403503280765031,95.33845043182373
wfg4,2,10,67,baseline,0.4200138611194417,0.005083182286068699,95.8082914352417
wfg4,2,10,67,smac3,0.4190780512156201,0.006192775361417974,95.10834741592407
wfg4,2,10,67,dynamic,0.38126470881270597,0.07828682532619884,96.55957269668579
wfg4,2,10,68,baseline,0.419505598755896,0.005681251736298989,96.00406074523926
wfg4,2,10,68,smac3,0.4198097759112587,0.004743347419737002,94.36698293685913
wfg4,2,10,68,dynamic,0.4018840881586214,0.023217432749088995,96.95668268203735
wfg4,2,10,69,baseline,0.4178268585663136,0.00624303936658636,96.86466574668884
wfg4,2,10,69,smac3,0.4138747419068328,0.005260171980276753,94.65767812728882
wfg4,2,10,69,dynamic,0.4189652767131453,0.0059259611832014536,98.1895272731781
wfg4,2,10,70,baseline,0.4169815684143708,0.0061461223730931444,94.87033367156982
wfg4,2,10,70,smac3,0.4201989140982907,0.004812971990573465,93.86799693107605
wfg4,2,10,70,dynamic,0.4053426315017441,0.019593944853336247,95.02697682380676
wfg4,2,10,71,smac3,0.41557988557429915,0.004839422036382892,93.69832372665405
wfg4,2,10,71,baseline,0.4178494877390793,0.00505774281367422,95.76074147224426
wfg4,2,10,71,dynamic,0.3994018274713673,0.025792823766988004,96.70941829681396
wfg4,2,20,42,baseline,0.4113511045540929,0.013428067148944617,177.22205543518066
wfg4,2,20,42,smac3,0.41781712627096107,0.006216977750463059,175.5733926296234
wfg4,2,20,43,baseline,0.4189491051916819,0.006064679575523252,173.76781702041626
wfg4,2,20,42,dynamic,0.4093075658304627,0.009408416940609622,183.30212092399597
wfg4,2,20,43,smac3,0.4140015255481854,0.01084184569273236,177.4889349937439
wfg4,2,20,44,baseline,0.4155527462199619,0.008709021342004561,172.7943766117096
wfg4,2,20,43,dynamic,0.3919027006749783,0.04955956015453506,183.22501397132874
wfg4,2,20,44,smac3,0.4164266694514905,0.008716944658385366,174.2787184715271
wfg4,2,20,45,baseline,0.41311040836183605,0.008538817755018899,172.61131501197815
wfg4,2,20,44,dynamic,0.39935753428265236,0.028178232952701533,179.88926792144775
wfg4,2,20,45,smac3,0.4163082828266633,0.008159534980897134,174.1000111103058
wfg4,2,20,46,baseline,0.4136473669918587,0.01907032078141536,174.7874412536621
wfg4,2,20,46,smac3,0.4159289711220543,0.008115461447475356,175.19941806793213
wfg4,2,20,45,dynamic,0.3992569865012305,0.035083178992173475,180.58357095718384
wfg4,2,20,47,baseline,0.40985457241896756,0.008184850651741243,175.86099696159363
wfg4,2,20,47,smac3,0.41690405896847,0.00964358119784102,173.26847672462463
wfg4,2,20,46,dynamic,0.4046551195131949,0.019114203080101907,183.19979667663574
wfg4,2,20,48,baseline,0.41735852160073156,0.005622989484993797,176.3128707408905
wfg4,2,20,47,dynamic,0.398023120747151,0.025689460337983867,183.98251128196716
wfg4,2,20,48,smac3,0.4157814668402794,0.011140931776775663,173.50231194496155
wfg4,2,20,48,dynamic,0.39497344717150135,0.0394550036772099,183.88191628456116
wfg4,2,20,49,baseline,0.41636151849854486,0.006816850070185328,176.882066488266
wfg4,2,20,49,smac3,0.41258163749290727,0.018001686663272978,174.16652464866638
wfg4,2,20,49,dynamic,0.4115831994556906,0.011117237174688668,180.4984827041626
wfg4,2,20,50,baseline,0.4167953866649843,0.008836267791863334,173.7380576133728
wfg4,2,20,50,smac3,0.4200043816578854,0.005530519883417995,177.5116913318634
wfg4,2,20,51,baseline,0.4186742116542227,0.006990132613830673,174.016042470932
wfg4,2,20,50,dynamic,0.3720747861702311,0.1096744754112736,184.11075711250305
wfg4,2,20,51,smac3,0.4172495254993497,0.013887291436648994,175.11760449409485
wfg4,2,20,52,baseline,0.4132377737881909,0.009477325108601867,174.76806378364563
wfg4,2,20,51,dynamic,0.3892189356191264,0.05793571568201794,179.58374118804932
wfg4,2,20,52,smac3,0.4124909762978619,0.009092808877280993,175.5928943157196
wfg4,2,20,53,baseline,0.4151084171821061,0.01034410254185759,173.14200615882874
wfg4,2,20,52,dynamic,0.40722001993219037,0.012135027480746699,181.83687949180603
wfg4,2,20,53,smac3,0.41748874141378967,0.007990328528512836,175.8179268836975
wfg4,2,20,54,baseline,0.4115669839430386,0.019051558051654423,174.23111057281494
wfg4,2,20,53,dynamic,0.40543988486853266,0.016772145627293015,182.7427806854248
wfg4,2,20,54,smac3,0.4177134482645648,0.008030630026460627,174.32088923454285
wfg4,2,20,54,dynamic,0.3989625597854426,0.030464783810930495,180.2318046092987
wfg4,2,20,55,baseline,0.4160592839804667,0.009155082516239392,175.50593280792236
wfg4,2,20,55,smac3,0.4144003749944203,0.009065313115453727,174.2532558441162
wfg4,2,20,55,dynamic,0.4088977808178386,0.010537434501147164,181.86686086654663
wfg4,2,20,56,baseline,0.41431648363139584,0.008464757786892764,174.27730202674866
wfg4,2,20,56,smac3,0.4131075656084765,0.00681885809114293,175.28407764434814
wfg4,2,20,56,dynamic,0.4051261164521243,0.01463187144238623,180.2650899887085
wfg4,2,20,57,baseline,0.4053354284295089,0.017174221458551832,174.63337802886963
wfg4,2,20,57,smac3,0.41645243008679306,0.009950844167173222,172.56956386566162
wfg4,2,20,57,dynamic,0.41417580120342795,0.011185643872763034,181.5647792816162
wfg4,2,20,58,baseline,0.41603186863090946,0.007223205831699245,176.36553978919983
wfg4,2,20,58,smac3,0.41673820050929516,0.007949077728607798,173.14645671844482
wfg4,2,20,59,baseline,0.41436816430075213,0.008650302810204541,173.2518274784088
wfg4,2,20,58,dynamic,0.38991060732580135,0.05577883562225364,181.5542550086975
wfg4,2,20,59,smac3,0.4167121512382633,0.007367505919353659,174.11846804618835
wfg4,2,20,60,baseline,0.417813434883953,0.006279567789315075,175.00721764564514
wfg4,2,20,59,dynamic,0.40946285581370756,0.021071239365329664,182.72843647003174
wfg4,2,20,60,smac3,0.4191000616529888,0.005340266353474741,178.28008151054382
wfg4,2,20,60,dynamic,0.38680215206449986,0.049912933710273256,186.8636314868927
wfg4,2,20,61,baseline,0.4140668548121424,0.008929668595031604,181.74684166908264
wfg4,2,20,61,smac3,0.4149462976785008,0.008085474120003279,179.48198103904724
wfg4,2,20,62,baseline,0.4139339903268257,0.010979421762713219,180.32364201545715
wfg4,2,20,61,dynamic,0.40592896144895263,0.015410236193851646,188.17369294166565
wfg4,2,20,62,smac3,0.4154823141527828,0.015048178434403942,183.2640221118927
wfg4,2,20,63,baseline,0.41819683120745205,0.0080706043399308,181.355459690094
wfg4,2,20,62,dynamic,0.4073641720360311,0.0135932306192609,189.33186292648315
wfg4,2,20,63,smac3,0.4095984216476922,0.017195157539620417,180.2689027786255
wfg4,2,20,63,dynamic,0.4003408513526167,0.023964738689992486,188.79628586769104
wfg4,2,20,64,baseline,0.41744772037235994,0.007901849209491166,182.46097803115845
wfg4,2,20,64,smac3,0.4142708314114976,0.009908717242688624,183.87480306625366
wfg4,2,20,64,dynamic,0.3161027472623512,0.2735998640574689,187.4687201976776
wfg4,2,20,65,baseline,0.4144048130896228,0.010028619818429781,181.38948011398315
wfg4,2,20,65,smac3,0.4129724244895638,0.010530454057299578,179.4977855682373
wfg4,2,20,66,baseline,0.41330784763145695,0.009471937128402184,178.07963061332703
wfg4,2,20,65,dynamic,0.4136717739551783,0.010887081426891942,186.77285313606262
wfg4,2,20,66,smac3,0.4150815286263638,0.009131484999163678,178.23323011398315
wfg4,2,20,66,dynamic,0.39459532674397596,0.03719786236701627,186.63913297653198
wfg4,2,20,67,baseline,0.4187735551835359,0.006904691930188398,181.82976460456848
wfg4,2,20,67,smac3,0.41916259214572443,0.007377150012507743,178.87876152992249
wfg4,2,20,67,dynamic,0.38162537949052067,0.0781220183073257,187.38885164260864
wfg4,2,20,68,baseline,0.4139409890624959,0.008215249778124056,179.48593163490295
wfg4,2,20,68,smac3,0.4171027912757485,0.0065678240398854846,181.46105241775513
wfg4,2,20,69,baseline,0.4158673954305101,0.006133793728114691,182.08900475502014
wfg4,2,20,68,dynamic,0.3945353758797008,0.04231858117377858,186.40250086784363
wfg4,2,20,69,smac3,0.41739176937771894,0.006289049180499707,180.5827922821045
wfg4,2,20,69,dynamic,0.41367347720540815,0.008054989562958036,187.749276638031
wfg4,3,10,42,baseline,0.7525972739313166,0.06623893013210157,141.99831986427307
wfg4,2,20,70,baseline,0.4152989143167797,0.015452115264450781,183.0602650642395
wfg4,2,20,70,smac3,0.4154245459439253,0.01583214990863516,181.09221243858337
wfg4,2,20,71,baseline,0.41516834724485885,0.009554572430249476,179.86890268325806
wfg4,3,10,42,dynamic,0.7502325196766007,0.06730667028487612,144.22486782073975
wfg4,3,10,42,smac3,0.7565981903664841,0.06050421448764558,144.4984245300293
wfg4,2,20,70,dynamic,0.3885010178273269,0.06177028822227674,189.49364519119263
wfg4,2,20,71,smac3,0.41570100164023793,0.010415621837791395,182.95328760147095
wfg4,3,10,43,baseline,0.7545048876719076,0.0633920391550702,143.60138034820557
wfg4,2,20,71,dynamic,0.40293886836998555,0.01878181895525034,189.4040503501892
wfg4,3,10,43,smac3,0.7558977925052535,0.06159250770458219,143.1989769935608
wfg4,3,10,43,dynamic,0.7360635500455637,0.10258629007438745,144.46341347694397
wfg4,3,10,44,baseline,0.7532490567317136,0.06273803948597491,141.9528477191925
wfg4,3,10,44,smac3,0.7535140387543282,0.06215468582810423,142.5611810684204
wfg4,3,10,45,baseline,0.7559645813611744,0.0645863911431335,138.53927445411682
wfg4,3,10,45,smac3,0.7555720849703992,0.06093065362726605,135.78292846679688
wfg4,3,10,44,dynamic,0.7486492626009092,0.06487720836857092,140.84754514694214
wfg4,3,10,46,baseline,0.7552032995176408,0.0655055922355907,137.04135751724243
wfg4,3,10,46,smac3,0.7537543782378453,0.06478883241418502,138.017249584198
wfg4,3,10,45,dynamic,0.638674503540318,0.20721544907151315,139.8181438446045
wfg4,3,10,46,dynamic,0.7278239674053285,0.09158245816459772,141.81720519065857
wfg4,3,10,47,baseline,0.7553676650682218,0.06318901691216536,137.53923654556274
wfg4,3,10,47,smac3,0.7525453669373081,0.06601749597949672,137.4321687221527
wfg4,3,10,48,smac3,0.7548696535225644,0.06322175213898887,136.04036951065063
wfg4,3,10,48,baseline,0.754324763130335,0.06445156285848298,138.0973551273346
wfg4,3,10,47,dynamic,0.6787809393847235,0.194382825614618,142.0742483139038
wfg4,3,10,48,dynamic,0.7191575184071559,0.08120864754371854,140.64812994003296
wfg4,3,10,49,baseline,0.7554734412508743,0.06071543689424724,138.54578971862793
wfg4,3,10,50,baseline,0.7551022795607063,0.06321328651816155,136.59031224250793
wfg4,3,10,49,smac3,0.7567930314828728,0.06095422910931422,138.0785572528839
wfg4,3,10,49,dynamic,0.7353817070398281,0.08163431264913801,139.9795262813568
wfg4,3,10,50,smac3,0.7564555822793864,0.06477722822372088,137.34388518333435
wfg4,3,10,51,baseline,0.753757300524959,0.06655374264963534,137.11377453804016
wfg4,3,10,50,dynamic,0.7412713561688847,0.08061685914716059,142.42038488388062
wfg4,3,10,51,smac3,0.7555996294142137,0.06408369436452213,138.17614126205444
wfg4,3,10,52,baseline,0.7535739191331422,0.06519917431852114,138.4459240436554
wfg4,3,10,51,dynamic,0.6786492693095407,0.15261914151319486,143.1273729801178
wfg4,3,10,52,smac3,0.7558314207864685,0.06508294966612072,136.2429735660553
wfg4,3,10,53,baseline,0.7559149470839595,0.06016741272482475,139.9644272327423
wfg4,3,10,52,dynamic,0.7172238715406666,0.14034476110688654,143.014995098114
wfg4,3,10,53,smac3,0.7552552931426726,0.0634183480323474,137.70080995559692
wfg4,3,10,53,dynamic,0.7458161019707822,0.0726733960133544,143.49173998832703
wfg4,3,10,54,baseline,0.7543484926284376,0.06669973662982022,137.48335719108582
wfg4,3,10,54,smac3,0.7549787202109237,0.06380473992504292,138.41774487495422
wfg4,3,10,54,dynamic,0.6941480257120816,0.16961023121194416,140.36347842216492
wfg4,3,10,55,baseline,0.7518844402147347,0.06721042684798688,136.48608803749084
wfg4,3,10,55,smac3,0.7552022354122648,0.06202617159448035,136.7235927581787
wfg4,3,10,55,dynamic,0.7524334318040131,0.06605565775320725,142.98555397987366
wfg4,3,10,56,baseline,0.752934014579314,0.06569679489401399,138.9320387840271
wfg4,3,10,56,smac3,0.7568972539811706,0.060684146702388385,137.76298809051514
wfg4,3,10,56,dynamic,0.7512691304115268,0.0692847834255388,142.15945649147034
wfg4,3,10,57,baseline,0.7550086714250772,0.06460250280661577,138.0731337070465
wfg4,3,10,57,smac3,0.7553310199811828,0.060976954693454564,139.19221472740173
wfg4,3,10,58,baseline,0.7550910889756652,0.0630755434835195,137.10327696800232
wfg4,3,10,57,dynamic,0.74652174083268,0.08119628825367797,142.83703780174255
wfg4,3,10,58,smac3,0.755535996502618,0.0627720840833975,139.2794668674469
wfg4,3,10,59,baseline,0.7512315854398232,0.06825856925501433,138.2933657169342
wfg4,3,10,58,dynamic,0.7495419124027213,0.07175189555526054,141.08183574676514
wfg4,3,10,59,smac3,0.7524386955918893,0.07035436669522298,137.47060775756836
wfg4,3,10,60,baseline,0.7551898726970201,0.06308641783630874,137.5794219970703
wfg4,3,10,59,dynamic,0.7533324404462947,0.06624969677586191,141.0858678817749
wfg4,3,10,60,smac3,0.7570481328399172,0.06016339923076026,140.19863939285278
wfg4,3,10,61,baseline,0.7550030822105357,0.06372238541484267,138.42349553108215
wfg4,3,10,60,dynamic,0.6924402201032338,0.13402892172442069,142.29964661598206
wfg4,3,10,61,smac3,0.7550847327980945,0.06215941337284692,139.01314210891724
wfg4,3,10,61,dynamic,0.7235897120303152,0.1095409691325245,140.7848927974701
wfg4,3,10,62,baseline,0.7555577013530184,0.0631811744481739,138.96601247787476
wfg4,3,10,62,smac3,0.7536463706942013,0.06479645815354174,137.53122901916504
wfg4,3,10,62,dynamic,0.7440953282833869,0.08161621077450089,142.74021005630493
wfg4,3,10,63,baseline,0.7549007683982834,0.06230611023434193,139.699387550354
wfg4,3,10,63,smac3,0.7570059329143228,0.06368841257082916,138.54306149482727
wfg4,3,10,64,baseline,0.7543425008468033,0.061950937328412975,136.99959254264832
wfg4,3,10,63,dynamic,0.7402469743465994,0.0801260060356406,142.31908106803894
wfg4,3,10,64,smac3,0.7549742864514113,0.0671326184053279,136.39211797714233
wfg4,3,10,64,dynamic,0.737305550455371,0.07803651604574396,140.9280710220337
wfg4,3,10,65,baseline,0.7538511474015775,0.0644627846467439,139.8898961544037
wfg4,3,10,65,smac3,0.756396478435761,0.06219597033370163,138.78953623771667
wfg4,3,10,65,dynamic,0.7234803733297204,0.07870604444181421,141.21841549873352
wfg4,3,10,66,baseline,0.7527060330272491,0.06731946557406358,139.52443742752075
wfg4,3,10,66,smac3,0.7503986298740329,0.0729897734645976,137.96732568740845
wfg4,3,10,67,baseline,0.7550793494035913,0.061311170775958,137.55176305770874
wfg4,3,10,66,dynamic,0.7413723982469084,0.09784024618370638,144.03136491775513
wfg4,3,10,67,smac3,0.7568969196959283,0.06108088009876554,139.57173538208008
wfg4,3,10,67,dynamic,0.7278931608873332,0.0965771043133517,143.41638350486755
wfg4,3,10,68,baseline,0.7539153331959384,0.06208624321332928,139.538560628891
wfg4,3,10,68,smac3,0.7553122770362786,0.06339498759477005,137.30147647857666
wfg4,3,10,69,baseline,0.7538035170738668,0.06651704973483658,137.9768614768982
wfg4,3,10,69,smac3,0.7545462251579794,0.06751048109120367,137.6465940475464
wfg4,3,10,68,dynamic,0.6900687520166783,0.1297783013837877,144.06479454040527
wfg4,3,10,70,baseline,0.7552816766295326,0.06738625671536998,138.75161910057068
wfg4,3,10,70,smac3,0.7544947260586127,0.06365705658438965,137.25829100608826
wfg4,3,10,69,dynamic,0.355272628749809,0.6744265853392224,143.32951760292053
wfg4,3,10,71,baseline,0.7548311686811079,0.0650304727889785,137.7596161365509
wfg4,3,10,70,dynamic,0.7336429684824968,0.0946616049862427,144.2855839729309
wfg4,3,10,71,smac3,0.7554610991449677,0.06441872559225571,138.9248948097229
wfg4,3,10,71,dynamic,0.7438814180187658,0.07400851706665539,145.36585521697998
wfg4,3,20,42,baseline,0.7564582288839459,0.061892854194218014,238.01414561271667
wfg4,3,20,42,smac3,0.7607037355712922,0.0581925770726422,237.93896532058716
wfg4,3,20,43,baseline,0.753106306407128,0.0673629113714309,234.51868748664856
wfg4,3,20,43,smac3,0.7633963597144036,0.055434461540979404,235.13182067871094
wfg4,3,20,44,baseline,0.7567786152441606,0.05968846135650849,237.39477014541626
wfg4,3,20,42,dynamic,0.7441054881062467,0.07656007532772122,247.72665786743164
wfg4,3,20,43,dynamic,0.7505256792011279,0.08106326681255474,245.80806589126587
wfg4,3,20,44,smac3,0.7618444983661159,0.055835955020004026,237.67732954025269
wfg4,3,20,45,baseline,0.7496485858112489,0.06976114908726877,238.52540397644043
wfg4,3,20,44,dynamic,0.7253217202802078,0.07969525314811991,247.24327874183655
wfg4,3,20,45,smac3,0.7608538541755527,0.05688898744587711,235.5640106201172
wfg4,3,20,46,baseline,0.7578805006127742,0.06172520110737144,234.92264604568481
wfg4,3,20,45,dynamic,0.7399771970661455,0.09314286955617378,250.1434154510498
wfg4,3,20,46,smac3,0.7606816358904646,0.055612292496412155,239.22271466255188
wfg4,3,20,46,dynamic,0.5924681443913808,0.3029387739041855,249.64349842071533
wfg4,3,20,47,baseline,0.7606127111682341,0.05811487882138891,237.00527262687683
wfg4,3,20,47,smac3,0.760680287227544,0.05812522784552706,233.23497104644775
wfg4,3,20,48,smac3,0.7625030999786346,0.05449011184368702,235.4289994239807
wfg4,3,20,48,baseline,0.7555605755355014,0.06335938289267352,236.2603530883789
wfg4,3,20,47,dynamic,0.7502663217044057,0.07838992556669208,245.94689464569092
wfg4,3,20,49,baseline,0.7552798660859235,0.06240106197092703,235.50523567199707
wfg4,3,20,49,smac3,0.7621732520612567,0.05889964833122023,235.48292064666748
wfg4,3,20,48,dynamic,0.7469287583718536,0.07358927522571392,245.68167543411255
wfg4,3,20,50,baseline,0.759163329761865,0.058923057588648645,236.09707117080688
wfg4,3,20,49,dynamic,0.44147621955441774,0.5376716241029441,245.21722674369812
wfg4,3,20,50,smac3,0.7609664488701963,0.05485917675505207,234.2138307094574
wfg4,3,20,51,baseline,0.7551809813616369,0.060864727810810294,236.3358690738678
wfg4,3,20,50,dynamic,0.759925430271697,0.05837851647481235,247.6764554977417
wfg4,3,20,51,smac3,0.7576211268570113,0.05967365255092318,236.5617287158966
wfg4,3,20,51,dynamic,0.6861379974308548,0.1533370306249291,246.27349090576172
wfg4,3,20,52,baseline,0.75324006470957,0.065511923241642,233.23419976234436
wfg4,3,20,52,smac3,0.7601678289169537,0.05973530036026103,233.9905881881714
wfg4,3,20,53,baseline,0.749585621881542,0.06871180917992965,232.62761521339417
wfg4,3,20,52,dynamic,0.6447791909469524,0.19487509656408256,246.14475560188293
wfg4,3,20,53,smac3,0.7602643359590205,0.05955026691719289,235.18666911125183
wfg4,3,20,54,baseline,0.7580122246588014,0.06002436400750882,234.13452553749084
wfg4,3,20,54,smac3,0.7568136645057378,0.061059950371224296,235.15909814834595
wfg4,3,20,53,dynamic,0.7362860501596904,0.08261588249969792,248.01461052894592
wfg4,3,20,55,baseline,0.755467151189498,0.06264340791097757,234.1696662902832
wfg4,3,20,54,dynamic,0.746747992281584,0.07390391683962316,244.15367031097412
wfg4,3,20,55,smac3,0.7629292619003298,0.05534696873275133,236.15070986747742
wfg4,3,20,55,dynamic,0.7373477125089545,0.08645335455280044,247.40667128562927
wfg4,3,20,56,baseline,0.7509340174300936,0.0674624853255482,236.64105319976807
wfg4,3,20,56,smac3,0.7626337499666723,0.055542693200925,235.8968997001648
wfg4,3,20,56,dynamic,0.7243341172331521,0.1199637473902532,244.17109036445618
wfg4,3,20,57,smac3,0.7594580313216993,0.05944216804842166,234.27285742759705
wfg4,3,20,57,baseline,0.7546823402361853,0.05892445451756522,235.58774280548096
wfg4,3,20,58,baseline,0.7566787440611722,0.05957035351605284,235.2424008846283
wfg4,3,20,58,smac3,0.7623302954018848,0.05618344314960299,233.70251631736755
wfg4,3,20,57,dynamic,0.744411795221316,0.09356903952276001,248.22372603416443
wfg4,3,20,59,smac3,0.7644716254556736,0.05115472539154962,232.85457682609558
wfg4,3,20,59,baseline,0.7612811042368788,0.057175270784047674,236.50787925720215
wfg4,3,20,58,dynamic,0.7451482172051065,0.08873676005558354,245.44283366203308
wfg4,3,20,60,baseline,0.7545747879117151,0.06186540978219725,237.18735194206238
wfg4,3,20,59,dynamic,0.7331305980984207,0.07652796613229727,245.023122549057
wfg4,3,20,60,smac3,0.7634492907810825,0.054194634785730195,235.1641550064087
wfg4,3,20,60,dynamic,0.7399507497596955,0.08139603792643568,248.36860346794128
wfg4,3,20,61,baseline,0.7558181688507857,0.0620129035893986,237.37786316871643
wfg4,3,20,61,smac3,0.7616420868680006,0.054649163135770874,232.5597803592682
wfg4,3,20,62,baseline,0.7585638638947618,0.060379547237697104,235.24171781539917
wfg4,3,20,61,dynamic,0.7476704730386288,0.06697245104467403,245.1946496963501
wfg4,3,20,62,smac3,0.7649748009882668,0.05173210272877706,235.54797220230103
wfg4,3,20,63,baseline,0.7525678617459748,0.06656345625030774,236.36849308013916
wfg4,3,20,62,dynamic,0.6744470711852469,0.164350858953525,246.72463726997375
wfg4,3,20,63,smac3,0.7621821229694491,0.05566654180471149,233.8873233795166
wfg4,3,20,64,baseline,0.7533592715073816,0.06170039908426304,234.60218501091003
wfg4,3,20,63,dynamic,0.730363572593075,0.10575139904076027,247.15287899971008
wfg4,3,20,64,smac3,0.760585096748757,0.05833471061744503,236.2517273426056
wfg4,3,20,64,dynamic,0.5684736090010372,0.3496285653627073,244.31448078155518
wfg4,3,20,65,baseline,0.761378401074514,0.05628370419300857,236.13625049591064
wfg4,3,20,65,smac3,0.759951752123563,0.05708173503580467,235.5131278038025
wfg4,3,20,65,dynamic,0.7304465158209157,0.0876494055951156,248.4013066291809
wfg4,3,20,66,baseline,0.7548484572950868,0.0595201388686316,234.49663257598877
wfg4,3,20,66,smac3,0.7573206303324023,0.06259931121133439,235.50569653511047
wfg4,3,20,67,baseline,0.7600139861805546,0.05918518759563546,234.46362137794495
wfg4,3,20,66,dynamic,0.7361985815078504,0.10849411705998603,245.27236366271973
wfg4,3,20,68,baseline,0.7561297704033986,0.06250190260975734,234.19098138809204
wfg4,3,20,67,smac3,0.7603218294069323,0.059673240535123934,237.57805347442627
wfg4,3,20,68,smac3,0.7614098498277457,0.054809207164879095,237.0234203338623
wfg4,3,20,67,dynamic,0.7332379880232733,0.07667676413492353,247.70893788337708
wfg4,3,20,69,baseline,0.7419411263817282,0.07470616101962606,241.60017275810242
wfg4,3,20,68,dynamic,0.5085003834280526,0.4254658464127229,253.42079305648804
wfg4,3,20,69,smac3,0.7620967069722492,0.05738136948306407,237.29691910743713
wfg4,3,20,69,dynamic,0.6386556066086475,0.23765641629615084,253.173033952713
wfg5,2,10,42,baseline,0.373165405703289,0.06386604110037686,99.57165789604187
wfg5,2,10,42,smac3,0.37339753857423547,0.06389267080495842,101.70091199874878
wfg5,2,10,42,dynamic,0.3730927462131706,0.06416988270314934,98.9819610118866
wfg5,2,10,43,baseline,0.37341863127225533,0.06436865032350848,99.12945485115051
wfg5,2,10,43,smac3,0.37340125332723473,0.06412843751085484,98.82060503959656
wfg5,2,10,44,baseline,0.3728224308069371,0.0641691067168675,96.79287028312683
wfg5,2,10,43,dynamic,0.37147663251018787,0.064739406618774,98.65484952926636
wfg5,2,10,44,smac3,0.3751803638593007,0.06365011833823685,98.8995132446289
wfg4,3,20,70,baseline,0.7586243851578622,0.05853224922144013,248.43353271484375
wfg4,3,20,70,smac3,0.7611662530012586,0.0558140407437257,250.37918066978455
wfg5,2,10,44,dynamic,0.37336215646189064,0.0639466755217441,96.75721621513367
wfg5,2,10,45,baseline,0.37312127261758365,0.06390281071943972,96.86097502708435
wfg5,2,10,45,smac3,0.24694441908461023,0.4162813936231952,95.01076984405518
wfg5,2,10,45,dynamic,0.3718188260920712,0.06520045125590565,98.0403904914856
wfg4,3,20,70,dynamic,0.7143522433584121,0.08567759092674397,255.66928434371948
wfg4,3,20,71,baseline,0.7483288146714062,0.060486130579154924,251.51179575920105
wfg5,2,10,46,smac3,0.32968087731613627,0.17442302651633534,94.16624522209167
wfg5,2,10,46,baseline,0.37328970082646135,0.06378952989104153,96.50701355934143
wfg5,2,10,46,dynamic,0.368994746792424,0.06632548284424847,96.81311774253845
wfg4,3,20,71,smac3,0.7596915766264133,0.05648647769129686,252.73511743545532
wfg4,3,20,71,dynamic,0.737588558692207,0.08460042484564113,256.472806930542
wfg5,2,10,47,smac3,0.304178870373208,0.25683496671020273,94.7964551448822
wfg5,2,10,47,baseline,0.37334288483165357,0.0641343841307228,96.78707385063171
wfg5,2,10,47,dynamic,0.3732992301692148,0.064047428802961,99.22901821136475
wfg5,2,10,48,baseline,0.3734185804285661,0.06370522296795293,95.70914125442505
wfg5,2,10,48,smac3,0.21496664492803064,0.4925211604626739,97.27921199798584
wfg5,2,10,48,dynamic,0.3743073822778564,0.06418549480633684,96.29205632209778
wfg5,2,10,49,baseline,0.37342066665295953,0.06416563248051571,98.36230397224426
wfg5,2,10,49,smac3,0.3734259231985409,0.06368531501983309,94.42744278907776
wfg5,2,10,50,baseline,0.37322746873262397,0.06416321077279719,93.53625440597534
wfg5,2,10,49,dynamic,0.3717284307778461,0.06503275096160326,98.4459228515625
wfg5,2,10,50,smac3,0.24825295289688584,0.4108590582450066,97.56273555755615
wfg5,2,10,50,dynamic,0.35700619681069545,0.08938854774205157,98.20155692100525
wfg5,2,10,51,baseline,0.3703617827940262,0.06542506930752391,96.60040140151978
wfg5,2,10,51,smac3,0.21417465506366207,0.49562623645520226,93.86198735237122
wfg5,2,10,51,dynamic,0.3695529827203356,0.06604559324491414,95.35850548744202
wfg5,2,10,52,baseline,0.3724314195501868,0.06432984400857168,95.59053230285645
wfg5,2,10,52,smac3,0.2708393926046002,0.3518129970238567,93.74213290214539
wfg5,2,10,52,dynamic,0.3750713324894805,0.06366926830574397,92.7980797290802
wfg5,2,10,53,baseline,0.3733634427578913,0.0638857072821374,92.5150990486145
wfg5,2,10,53,smac3,0.2564392259281607,0.39014561031852607,92.00301313400269
wfg5,2,10,54,baseline,0.37329482139053116,0.06388906304983147,90.88183975219727
wfg5,2,10,53,dynamic,0.37335872467532993,0.06428955042065858,95.22827649116516
wfg5,2,10,54,smac3,0.37343704126069793,0.06360929486786494,91.61869502067566
wfg5,2,10,54,dynamic,0.3732796697295135,0.06415075650794193,95.05246114730835
wfg5,2,10,55,baseline,0.3733857741473832,0.06422815982570765,93.54363059997559
wfg5,2,10,55,smac3,0.3768440167723924,0.06358340527082346,93.55744981765747
wfg5,2,10,55,dynamic,0.3748030677112358,0.06350721261730048,94.13813757896423
wfg5,2,10,56,baseline,0.37319648263301974,0.06420195198268121,92.1062159538269
wfg5,2,10,56,smac3,0.3734238630764822,0.06385883178892099,92.13323736190796
wfg5,2,10,56,dynamic,0.3733080803359619,0.06426069950700375,94.9496238231659
wfg5,2,10,57,baseline,0.3733716062974487,0.06408785892824817,94.87636494636536
wfg5,2,10,57,smac3,0.21973407034805942,0.4823957120226663,92.26566553115845
wfg5,2,10,57,dynamic,0.32754474103504705,0.17871529263181476,95.7254958152771
wfg5,2,10,58,baseline,0.3730308743208391,0.06445207718494433,92.20682311058044
wfg5,2,10,58,smac3,0.3734477173135837,0.06392103615974017,91.51915335655212
wfg5,2,10,58,dynamic,0.37154206001480805,0.06511957023234202,96.57391428947449
wfg5,2,10,59,baseline,0.37336845597670104,0.06408616828108461,91.688547372818
wfg5,2,10,59,smac3,0.34920940913328224,0.1125705296506767,93.64893889427185
wfg5,2,10,59,dynamic,0.35038857375342675,0.1077921356020912,95.43799757957458
wfg5,2,10,60,baseline,0.37309830415123674,0.06416681448451414,93.4678647518158
wfg5,2,10,60,smac3,0.2548145422633152,0.3943207063681924,94.51203894615173
wfg5,2,10,60,dynamic,0.37330407303653107,0.06407748540860658,93.27224087715149
wfg5,2,10,61,baseline,0.37331452208525884,0.06402499332936788,91.65062046051025
wfg5,2,10,61,smac3,0.3679680514033255,0.06777109002789779,93.4796690940857
wfg5,2,10,61,dynamic,0.3742535452901085,0.06390270878589419,95.3509373664856
wfg5,2,10,62,baseline,0.3733124308314426,0.0641054030818545,91.54331493377686
wfg5,2,10,62,dynamic,0.3722285314162876,0.06480521047043072,93.60483956336975
wfg5,2,10,62,smac3,0.2342646256284858,0.4462327056874805,93.71103763580322
wfg5,2,10,63,baseline,0.3731666045141613,0.06445403157417012,91.51472187042236
wfg5,2,10,63,smac3,0.3398763474022621,0.1411724498942285,94.35254073143005
wfg5,2,10,63,dynamic,0.37409266527740875,0.06369794440042939,92.68967986106873
wfg5,2,10,64,baseline,0.37330053260649204,0.0642962619469326,93.50099205970764
wfg5,2,10,64,smac3,0.37123490509209456,0.064884304211066,93.65360999107361
wfg5,2,10,64,dynamic,0.3732477712729569,0.06399044580106901,95.31542110443115
wfg5,2,10,65,baseline,0.37339304132404627,0.064020493106169,93.9510862827301
wfg5,2,10,65,smac3,0.3732583756124954,0.06387014838284094,91.52682161331177
wfg5,2,10,65,dynamic,0.37304351430694505,0.0647324945825552,92.79603433609009
wfg5,2,10,66,baseline,0.37337651869300775,0.06422739040920553,93.60801720619202
wfg5,2,10,66,smac3,0.2840698977807993,0.3149975811197222,93.5026273727417
wfg5,2,10,66,dynamic,0.37280728288186116,0.06453287959706615,93.31620287895203
wfg5,2,10,67,baseline,0.37312460855989876,0.06407490793972863,91.97046875953674
wfg5,2,10,67,smac3,0.309766723690957,0.23855331535294846,93.40736413002014
wfg5,2,10,67,dynamic,0.37393487953089644,0.06369352381044834,92.52916073799133
wfg5,2,10,68,smac3,0.298343164822768,0.2730616499832821,90.94293713569641
wfg5,2,10,68,baseline,0.37339851411171426,0.06408795325031116,93.66258764266968
wfg5,2,10,68,dynamic,0.373363850718458,0.06408604393744359,94.39292860031128
wfg5,2,10,69,baseline,0.37332626687614756,0.06399738620775342,92.78545045852661
wfg5,2,10,69,smac3,0.3732674446312595,0.06420037154742388,93.41293835639954
wfg5,2,10,70,baseline,0.3733437595845727,0.06414983198197872,90.73652648925781
wfg5,2,10,69,dynamic,0.37258169687891896,0.06422747077783399,94.87841558456421
wfg5,2,10,70,smac3,0.2629303289684402,0.37345575949039184,92.37648463249207
wfg5,2,10,70,dynamic,0.3732988842405233,0.0640346135517446,95.00138115882874
wfg5,2,10,71,baseline,0.37340839561705075,0.06400742717789902,93.65470576286316
wfg5,2,10,71,smac3,0.3765709524517764,0.06359587012467156,92.8349506855011
wfg5,2,10,71,dynamic,0.3639570919250927,0.0739232137129966,93.66298460960388
wfg5,2,20,42,baseline,0.3732210790334665,0.06440972438964294,176.09994983673096
wfg5,2,20,42,smac3,0.37391893085084693,0.06334512093867044,172.93230843544006
wfg5,2,20,43,baseline,0.3734412981057973,0.06449614508954717,175.96811723709106
wfg5,2,20,42,dynamic,0.37595763546143285,0.06372929106240187,180.14365983009338
wfg5,2,20,43,smac3,0.3750029226749636,0.0636145181650646,175.34150290489197
wfg5,2,20,44,baseline,0.3732167278880974,0.0645124891086529,175.2644305229187
wfg5,2,20,44,smac3,0.33086126453546366,0.17045164632601073,172.66826963424683
wfg5,2,20,43,dynamic,0.35551373709207584,0.09334470533651977,182.63799333572388
wfg5,2,20,45,baseline,0.373436276665974,0.06454805256219336,174.0004518032074
wfg5,2,20,44,dynamic,0.3722791011924257,0.06486469929986312,182.9876971244812
wfg5,2,20,45,smac3,0.29134762604365627,0.28988687096650095,176.046480178833
wfg5,2,20,46,baseline,0.3687041785480264,0.06712339275652643,173.90117764472961
wfg5,2,20,45,dynamic,0.37352334776715346,0.06411213117230824,183.02204847335815
wfg5,2,20,46,smac3,0.2787924431902062,0.32664342688923426,173.91411089897156
wfg5,2,20,47,baseline,0.373468732234108,0.06448968233659384,180.02751111984253
wfg5,2,20,46,dynamic,0.37641820340498006,0.06378910301309568,190.5223035812378
wfg5,2,20,47,smac3,0.37364702588845927,0.06405775335473109,183.68423795700073
wfg5,2,20,47,dynamic,0.3695251761391457,0.06640179157896493,186.18303894996643
wfg5,2,20,48,baseline,0.3756669993475738,0.06098438202626271,183.54207611083984
wfg5,2,20,48,smac3,0.20825121603492577,0.5039663813918228,183.54125428199768
wfg5,2,20,49,baseline,0.3735631594076776,0.06418009060964752,184.9989242553711
wfg5,2,20,48,dynamic,0.36681790272402387,0.06925630246459592,187.250417470932
wfg5,2,20,49,smac3,0.2810096094466395,0.320519073458663,183.61917328834534
wfg5,2,20,49,dynamic,0.36759299914599347,0.06969632840108259,190.68383479118347
wfg5,2,20,50,baseline,0.3733215524368764,0.06448484960756994,184.9361855983734
wfg5,2,20,50,smac3,0.3046764100507413,0.2524163126039811,183.14752221107483
wfg5,2,20,51,baseline,0.3730685727343461,0.06462654629430861,181.9846625328064
wfg5,2,20,50,dynamic,0.3734731558985387,0.06462358690114318,191.10951948165894
wfg5,2,20,51,smac3,0.22354368189399026,0.46819687156759676,182.19344067573547
wfg5,2,20,51,dynamic,0.373505922473947,0.06467094321340049,191.54582023620605
wfg5,2,20,52,baseline,0.37184136962743036,0.06609260219730022,184.2435531616211
wfg5,2,20,52,smac3,0.3490650515733182,0.11238089425852699,181.15314412117004
wfg5,2,20,53,baseline,0.373416042141384,0.06425652832666504,184.22229766845703
wfg5,2,20,52,dynamic,0.37501483252131124,0.06438985218023834,190.69921493530273
wfg5,2,20,53,smac3,0.28830446587024794,0.299235620674708,185.72946977615356
wfg5,2,20,53,dynamic,0.36722479903702104,0.06935996971092662,187.77342414855957
wfg5,2,20,54,baseline,0.37464775877822637,0.06378998036029317,184.60507655143738
wfg5,2,20,54,smac3,0.23160995923701083,0.4481149625483682,185.0645363330841
wfg5,2,20,54,dynamic,0.36823024505237856,0.06760737891276755,191.21237659454346
wfg5,2,20,55,baseline,0.37333751992628894,0.06475594443823755,184.31310606002808
wfg5,2,20,55,smac3,0.3240014058319024,0.19241396629253738,183.94051432609558
wfg5,2,20,55,dynamic,0.3733664246823406,0.06453693145106804,191.35686659812927
wfg5,2,20,56,baseline,0.3735495864379331,0.06428682083280404,178.78031182289124
wfg5,2,20,57,baseline,0.37340215145727984,0.06435816497264374,178.2875850200653
wfg5,2,20,56,smac3,0.2787088319395696,0.3248973545366137,183.0728051662445
wfg5,2,20,56,dynamic,0.37777610192508043,0.0640369853011261,186.3007333278656
wfg5,2,20,57,smac3,0.2886774794653172,0.29992415902757497,180.69558119773865
wfg5,2,20,58,smac3,0.3757084811214776,0.06334011527189473,177.89568734169006
wfg5,2,20,58,baseline,0.3757134029831781,0.06060281247437577,182.46496176719666
wfg5,2,20,57,dynamic,0.3747169833548024,0.06389423068082602,188.33294677734375
wfg5,2,20,58,dynamic,0.3732271041098046,0.06416637876336148,186.9827845096588
wfg5,2,20,59,baseline,0.373406208876344,0.0645328755135876,180.62766647338867
wfg5,2,20,59,smac3,0.3737516109829344,0.06383721472505738,180.3766851425171
wfg5,2,20,59,dynamic,0.37408064292543947,0.06422819041517294,184.70840573310852
wfg5,2,20,60,baseline,0.37364806275508866,0.0642080886374678,179.24960255622864
wfg5,2,20,60,smac3,0.37249097300703965,0.06485412204216373,180.61573100090027
wfg5,2,20,60,dynamic,0.375866804890145,0.06058243740101834,182.385192155838
wfg5,2,20,61,baseline,0.3734157439411573,0.06432643002647143,176.01421427726746
wfg5,2,20,61,smac3,0.3265110806618677,0.18420165861156687,180.57630395889282
wfg5,2,20,61,dynamic,0.3735949424014045,0.06423289753955715,183.6390929222107
wfg5,2,20,62,baseline,0.3707011344644855,0.06480610803295805,179.15678191184998
wfg5,2,20,62,smac3,0.37372843286068996,0.06388614537644184,175.07199478149414
wfg5,2,20,63,baseline,0.37465894255114923,0.06388796105596102,180.07750391960144
wfg5,2,20,62,dynamic,0.37707675057929235,0.0634902162310063,187.45946764945984
wfg5,2,20,63,smac3,0.334124915098795,0.15972992359010443,180.6065571308136
wfg5,2,20,63,dynamic,0.3740337737045964,0.06408987775652639,186.596821308136
wfg5,2,20,64,baseline,0.37335734549478494,0.06471543022329024,179.83592748641968
wfg5,2,20,64,smac3,0.35434938558422435,0.0970631622441983,175.316792011261
wfg5,2,20,64,dynamic,0.3721902019206552,0.06510986360003573,181.63833260536194
wfg5,2,20,65,baseline,0.3734146165550667,0.06414793193323641,177.84820771217346
wfg5,2,20,65,smac3,0.28764299829564305,0.30163419291757254,175.13336181640625
wfg5,2,20,65,dynamic,0.37490413144448004,0.06389911903724321,181.74829697608948
wfg5,2,20,66,baseline,0.3731143532056101,0.06478913495485568,177.60782551765442
wfg5,2,20,66,smac3,0.2954327589181904,0.2794042231574973,175.8354868888855
wfg5,2,20,67,baseline,0.3735693974200182,0.06416740193095338,175.0181233882904
wfg5,2,20,66,dynamic,0.2832635743059216,0.3134733104153068,183.44169449806213
wfg5,2,20,67,smac3,0.2668901554363814,0.358654441405871,177.6794993877411
wfg5,2,20,68,baseline,0.37285502778565377,0.06484075104874137,177.013108253479
wfg5,2,20,67,dynamic,0.37193824643942974,0.06525865915874958,183.93207216262817
wfg5,2,20,68,smac3,0.37268395583966574,0.06406807504036224,176.84471535682678
wfg5,2,20,68,dynamic,0.35515832981383083,0.09461604720614951,184.84531044960022
wfg5,2,20,69,baseline,0.3734460645770897,0.06457837522846303,176.35514378547668
wfg5,2,20,69,smac3,0.37353837762356773,0.06426923489502709,175.45244765281677
wfg5,2,20,69,dynamic,0.37670644922423346,0.06401009169666035,185.11233639717102
wfg5,2,20,70,baseline,0.37353721761267106,0.06454685584927475,175.07324957847595
wfg5,3,10,42,baseline,0.6872310010226825,0.11882265845628771,140.16878008842468
wfg5,3,10,42,smac3,0.694181461375759,0.1188864909309662,140.66146898269653
wfg5,2,20,70,smac3,0.2418661821190731,0.42221429136825345,174.55161809921265
wfg5,3,10,42,dynamic,0.6738768524159485,0.1351371339223625,143.27641892433167
wfg5,2,20,71,baseline,0.37352212597340567,0.06449492838881264,176.8901081085205
wfg5,3,10,43,baseline,0.6913439245736703,0.11704414236539026,140.26013588905334
wfg5,2,20,70,dynamic,0.37554725817616064,0.06407266909782135,186.17470955848694
wfg5,2,20,71,smac3,0.28093696178209376,0.32079297257970785,175.08264136314392
wfg5,3,10,43,smac3,0.6913336942860973,0.1251468593361299,140.15944623947144
wfg5,2,20,71,dynamic,0.3473225442627748,0.11724401339000678,184.95589780807495
wfg5,3,10,43,dynamic,0.6910494781961604,0.12495359681874797,141.71839904785156
wfg5,3,10,44,baseline,0.6950411279190002,0.11601742299725692,137.45173573493958
wfg5,3,10,44,smac3,0.694406139460517,0.11771507831527947,139.709401845932
wfg5,3,10,44,dynamic,0.6903068564237911,0.12126398590899364,141.29226112365723
wfg5,3,10,45,baseline,0.6927183915437289,0.11796158023639046,140.82706260681152
wfg5,3,10,45,smac3,0.6872403683300079,0.11968015095262233,140.062744140625
wfg5,3,10,45,dynamic,0.6802664523145727,0.1235149264228595,141.27505373954773
wfg5,3,10,46,baseline,0.6878746894523655,0.11758490806134157,140.43597555160522
wfg5,3,10,46,smac3,0.6876817687669335,0.11972178156496333,139.15241503715515
wfg5,3,10,47,smac3,0.6848087593009329,0.1250455599856457,138.3234167098999
wfg5,3,10,47,baseline,0.694249726744559,0.11616381077361236,141.11641383171082
wfg5,3,10,46,dynamic,0.2887219752949985,0.7709462129570087,144.84554290771484
wfg5,3,10,47,dynamic,0.5978111962058292,0.26940466881554864,143.38295602798462
wfg5,3,10,48,smac3,0.6850079691973666,0.12262337235992785,138.5698163509369
wfg5,3,10,48,baseline,0.6874488943243708,0.11874820806338787,139.95885133743286
wfg5,3,10,48,dynamic,0.687117340337493,0.12612979807311805,141.25466918945312
wfg5,3,10,49,baseline,0.6918281220033183,0.11928472580631407,139.9957559108734
wfg5,3,10,49,smac3,0.6950634935572604,0.11768209273118074,138.0465109348297
wfg5,3,10,49,dynamic,0.688873136025614,0.12498136299747879,143.9360044002533
wfg5,3,10,50,baseline,0.7010040577915545,0.11552766855581498,140.28189992904663
wfg5,3,10,50,smac3,0.691422222407112,0.11897039361290888,137.7339427471161
wfg5,3,10,51,baseline,0.6928259843931686,0.11797965101486461,138.9129455089569
wfg5,3,10,50,dynamic,0.7011197484030809,0.11682546451953942,142.95721340179443
wfg5,3,10,51,smac3,0.6918927813676617,0.12548628877095916,137.49723958969116
wfg5,3,10,52,baseline,0.6947474750264613,0.11989057417875522,139.5672209262848
wfg5,3,10,51,dynamic,0.6862970483172545,0.1274027880346086,143.6671895980835
wfg5,3,10,52,smac3,0.6922892148407653,0.12471099432141067,140.23507475852966
wfg5,3,10,53,baseline,0.6943457638750498,0.1184968772235192,139.8348183631897
wfg5,3,10,52,dynamic,0.7019340863385539,0.11901316168163634,142.17223715782166
wfg5,3,10,53,smac3,0.6848788551071451,0.12320604954733728,138.00819206237793
wfg5,3,10,53,dynamic,0.6840374748073648,0.12151079736092696,144.62101364135742
wfg5,3,10,54,baseline,0.6877253735453355,0.11760561557819166,138.52727675437927
wfg5,3,10,54,smac3,0.6944857338994741,0.11789401698625847,140.2089982032776
wfg5,3,10,55,baseline,0.6949973255208172,0.11765851384713706,136.82694125175476
wfg5,3,10,54,dynamic,0.6949196654216878,0.11706088311037208,144.34277725219727
wfg5,3,10,55,smac3,0.6931151355315639,0.11965172931186757,139.28092694282532
wfg5,3,10,56,baseline,0.689663315582012,0.11616330034462312,137.92456459999084
wfg5,3,10,55,dynamic,0.692697551507615,0.11645416546067656,143.15797019004822
wfg5,3,10,56,smac3,0.6872065633899286,0.117313539683224,139.95825695991516
wfg5,3,10,56,dynamic,0.6866569201841288,0.11879564304541118,143.95538425445557
wfg5,3,10,57,baseline,0.6949593148811909,0.11770171982674085,140.5397651195526
wfg5,3,10,57,smac3,0.6905125969980582,0.12479476918480038,138.92038321495056
wfg5,3,10,58,baseline,0.6879569151196764,0.11781257852826138,137.43507742881775
wfg5,3,10,57,dynamic,0.7028664835159396,0.11778824920822802,141.83921360969543
wfg5,3,10,58,smac3,0.6871467322635437,0.1186130685662687,139.44948172569275
wfg5,3,10,58,dynamic,0.6472991679910024,0.16758082953701586,140.95538330078125
wfg5,3,10,59,smac3,0.687150026479497,0.11803292920055615,137.67496609687805
wfg5,3,10,59,baseline,0.6877894529971452,0.11597719861252727,141.47659277915955
wfg5,3,10,60,baseline,0.6877661987846487,0.11792831565067413,139.17387533187866
wfg5,3,10,60,smac3,0.6947446291611213,0.11954018410998218,138.1174247264862
wfg5,3,10,59,dynamic,0.6681071364608264,0.13425095552500513,146.7489037513733
wfg5,3,10,61,baseline,0.6931183150547765,0.11719183943370874,141.45374202728271
wfg5,3,10,60,dynamic,0.6906446638908579,0.11867751368994849,144.51284193992615
wfg5,3,10,61,smac3,0.6995892265122373,0.11779271978942568,140.9166042804718
wfg5,3,10,61,dynamic,0.6928137921633315,0.11988154987416876,145.3195662498474
wfg5,3,10,62,smac3,0.692314952231637,0.12657092858080252,137.78688859939575
wfg5,3,10,62,baseline,0.6878994661284907,0.11787307403484037,141.29171204566956
wfg5,3,10,62,dynamic,0.6074452506351589,0.2373008927848716,141.23418426513672
wfg5,3,10,63,baseline,0.6897365759422309,0.11793102432852301,141.9444305896759
wfg5,3,10,63,smac3,0.6951675633562466,0.11711807356632985,138.031640291214
wfg5,3,10,63,dynamic,0.664490712245948,0.18474548330008184,142.440092086792
wfg5,3,10,64,baseline,0.6947286333174534,0.11919276636631268,142.00152730941772
wfg5,3,10,64,smac3,0.6932112683849563,0.11965118299608815,139.1904056072235
wfg5,3,10,64,dynamic,0.6942807858130301,0.11970613781696643,141.13585448265076
wfg5,3,10,65,baseline,0.6877954549879781,0.1162487205314802,142.04181218147278
wfg5,3,10,65,smac3,0.6942775862577771,0.1200434535250913,142.1295063495636
wfg5,3,10,65,dynamic,0.6892833705201126,0.1192400839793252,146.1055552959442
wfg5,3,10,66,baseline,0.6883352278671897,0.11816106455720427,143.4094316959381
wfg5,3,10,66,smac3,0.693924428901276,0.11862917092214277,143.48569202423096
wfg5,3,10,66,dynamic,0.6897895017467812,0.12237235131078154,143.36030101776123
wfg5,3,10,67,baseline,0.6949978673531938,0.11727140240785394,142.9712953567505
wfg5,3,10,67,smac3,0.7005415857743502,0.1196098548674513,139.8668224811554
wfg5,3,10,67,dynamic,0.6931592144207037,0.11906398658059912,149.34717464447021
wfg5,3,10,68,baseline,0.6874759509881351,0.118869348798088,143.53534984588623
wfg5,3,10,68,smac3,0.6848886842400959,0.12522850453260748,144.5800449848175
wfg5,3,10,69,baseline,0.689250419072675,0.11751885176076522,145.54898262023926
wfg5,3,10,68,dynamic,0.6904143587302106,0.12167664098550382,150.5238072872162
wfg5,3,10,69,smac3,0.694313773976739,0.119104198221882,143.38903665542603
wfg5,3,10,69,dynamic,0.690484078644909,0.12136485084358424,149.35965776443481
wfg5,3,10,70,baseline,0.6876772520698943,0.11670538853607021,145.46792435646057
wfg5,3,10,70,smac3,0.6945339889909804,0.11746765206891294,146.34204053878784
wfg5,3,10,70,dynamic,0.6913755548378592,0.11694963676737678,149.3423047065735
wfg5,3,10,71,smac3,0.6918027615970621,0.12541809720450334,143.23000288009644
wfg5,3,10,71,baseline,0.6877704209165989,0.1176888149804849,146.60853171348572
wfg5,3,10,71,dynamic,0.6842729757901742,0.11821870304381693,148.79956650733948
wfg5,3,20,42,baseline,0.6948228520807369,0.11038494622737924,242.1414875984192
wfg5,3,20,42,smac3,0.6967306183739685,0.10677411549506328,241.24536061286926
wfg5,3,20,42,dynamic,0.2499562120043835,0.8334981969009361,252.9245891571045
wfg5,3,20,43,baseline,0.7023527111493694,0.11021017542482753,244.71797013282776
wfg5,3,20,44,baseline,0.7032134184831187,0.10859321497738927,246.12850666046143
wfg5,3,20,43,smac3,0.7034990292280209,0.10790353638569984,247.41372990608215
wfg5,3,20,43,dynamic,0.7109761837964975,0.10727462966193789,259.01363801956177
wfg5,3,20,44,smac3,0.69709144644091,0.106295862527929,249.39248323440552
wfg5,3,20,45,baseline,0.6999326140539802,0.10950954177414195,249.9222230911255
wfg5,3,20,44,dynamic,0.7093471290893303,0.10892557858696432,258.88278317451477
wfg5,3,20,45,smac3,0.7039540161578013,0.10785662274136608,249.00601720809937
wfg5,3,20,46,baseline,0.7032286904100313,0.10926827741923678,249.55813837051392
wfg5,3,20,46,smac3,0.6968994089560786,0.10650216948528975,248.036700963974
wfg5,3,20,45,dynamic,0.7012266125551321,0.11103568731231826,257.3128740787506
wfg5,3,20,46,dynamic,0.7020535023209424,0.1082916570292322,263.2742712497711
wfg5,3,20,47,baseline,0.6955626613891694,0.10930909250233074,254.07152605056763
wfg5,3,20,47,smac3,0.6975397577399456,0.10709899255458351,245.31713104248047
wfg5,3,20,47,dynamic,0.7041023184424161,0.10837518755254046,255.47913312911987
wfg5,3,20,48,baseline,0.7028450831559006,0.1085018793325521,247.59521436691284
wfg5,3,20,48,smac3,0.6964159740324867,0.1066888016298981,249.28407311439514
wfg5,3,20,49,baseline,0.6964388762853793,0.10884866213103983,245.85689544677734
wfg5,3,20,48,dynamic,0.7006077108926554,0.1092535596751042,253.84036707878113
wfg5,3,20,49,smac3,0.7068116713843844,0.10713818738414278,247.19486379623413
wfg5,3,20,50,baseline,0.7020378501859499,0.10966862987291068,246.9447958469391
wfg5,3,20,49,dynamic,0.7071044979794997,0.11179610208240698,252.89629340171814
wfg5,3,20,50,smac3,0.6962429143325022,0.10732524285739418,247.74429535865784
wfg5,3,20,51,baseline,0.7020819596444408,0.11001141352978411,244.32672357559204
wfg5,3,20,50,dynamic,0.7029967347799333,0.10965312503260684,253.9095482826233
wfg5,3,20,51,smac3,0.7033881892133598,0.10696987606292742,242.12256574630737
wfg5,3,20,51,dynamic,0.6891559258644809,0.11008821086001615,253.06079626083374
wfg5,3,20,52,baseline,0.6948861519167554,0.10980483376260951,240.0428113937378
wfg5,3,20,52,smac3,0.7041151328397925,0.10726336856289563,240.3316080570221
wfg5,3,20,53,baseline,0.6962012684310762,0.10771024438010025,244.52464699745178
wfg5,3,20,52,dynamic,0.7116388583344718,0.10693880202714806,253.04735231399536
wfg5,3,20,53,smac3,0.6959452113547399,0.10929676185885467,242.3720908164978
wfg5,3,20,54,baseline,0.7036774449319416,0.1075281981456592,243.503600358963
wfg5,3,20,53,dynamic,0.7125698050523138,0.10633372120144068,250.25048422813416
wfg5,3,20,54,smac3,0.7034152414983526,0.1066002767933338,241.92301225662231
wfg5,3,20,55,smac3,0.7031412002968407,0.10822679597455961,240.97721099853516
wfg5,3,20,55,baseline,0.7024566134627346,0.1097438951176233,243.33785104751587
wfg5,3,20,54,dynamic,0.6926243374316935,0.11352863087951016,250.33766508102417
wfg5,3,20,55,dynamic,0.7100356847051976,0.10966755239042937,249.9185914993286
wfg5,3,20,56,baseline,0.7031811956488495,0.10874262709420619,242.92415022850037
wfg5,3,20,56,smac3,0.6964299601900225,0.10893875211361795,243.75946402549744
wfg5,3,20,56,dynamic,0.6885047349406345,0.11828691961644024,251.8352644443512
wfg5,3,20,57,baseline,0.7021101657764147,0.11042031430268433,242.32016968727112
wfg5,3,20,57,smac3,0.6962498178617882,0.10750267564259988,245.64788508415222
wfg5,3,20,58,baseline,0.6950746160724393,0.1090319824493982,243.07235550880432
wfg5,3,20,57,dynamic,0.6917106516252797,0.11474460389272984,254.81353163719177
wfg5,3,20,58,smac3,0.6966690492583397,0.10695894386424162,245.1635558605194
wfg5,3,20,59,baseline,0.6955778375433396,0.10837826034745622,243.79976201057434
wfg5,3,20,59,smac3,0.7032910277255894,0.10762254443345443,241.27683091163635
wfg5,3,20,58,dynamic,0.6979386190289918,0.1114279336023804,252.21058177947998
wfg5,3,20,60,baseline,0.7028652908181292,0.10788259155894969,241.87829732894897
wfg5,3,20,59,dynamic,0.6729190330242044,0.1339914012263055,256.76329708099365
wfg5,3,20,60,smac3,0.6965553908632109,0.10790609363626483,241.70565843582153
wfg5,3,20,60,dynamic,0.6867484827064773,0.11218713372142532,252.78512597084045
wfg5,3,20,61,baseline,0.6963413959882456,0.10754826590727494,244.89950919151306
wfg5,3,20,61,smac3,0.6968010528940902,0.10666188606162805,240.47498321533203
wfg5,3,20,61,dynamic,0.7065834984556838,0.107806284100835,251.00427055358887
wfg5,3,20,62,baseline,0.7033554244587953,0.1085764132443162,245.57241368293762
wfg5,3,20,62,smac3,0.7031999991768542,0.107686542187211,243.49329471588135
wfg5,3,20,63,baseline,0.7027940749929037,0.10848600800919082,244.34981894493103
wfg5,3,20,63,smac3,0.7040948650187108,0.10666625212346616,242.97875881195068
wfg5,3,20,64,baseline,0.7010116511021603,0.10835218178214882,240.47241759300232
wfg5,3,20,62,dynamic,0.7118830566012202,0.10759465078134649,253.80589079856873
wfg5,3,20,64,smac3,0.7039448745053507,0.1079742375315324,241.87046670913696
wfg5,3,20,63,dynamic,0.6891152706514588,0.11783176530620847,251.49870204925537
wfg5,3,20,65,baseline,0.7038024370022223,0.10860436894851273,240.83561253547668
wfg5,3,20,64,dynamic,0.7008123998246228,0.11094096781630922,254.77539944648743
wfg5,3,20,65,smac3,0.6968537326550078,0.107293878097891,242.21341848373413
wfg5,3,20,65,dynamic,0.7010707350939852,0.10815080429574764,253.56387639045715
wfg5,3,20,66,baseline,0.6951935189231431,0.10843886996619467,240.7335901260376
wfg5,3,20,66,smac3,0.7005055815401505,0.10669525872380763,239.9807686805725
wfg5,3,20,67,baseline,0.6953174193469027,0.1084276519500038,242.32945013046265
wfg5,3,20,66,dynamic,0.7096051173117448,0.10778504871127943,255.5256905555725
wfg5,3,20,67,smac3,0.6977840029153616,0.10828027939416693,243.63356280326843
wfg5,3,20,68,baseline,0.7007441101741411,0.10977977605286107,241.29087352752686
wfg5,3,20,68,smac3,0.7036921708573043,0.10764382089645949,242.90424346923828
wfg5,3,20,69,baseline,0.700457082317196,0.1122992590090079,242.1427869796753
wfg5,3,20,67,dynamic,0.6911308471272316,0.11080580572646909,254.25733184814453
wfg5,3,20,69,smac3,0.6961308402937753,0.10944359350070355,240.09472179412842
wfg5,3,20,68,dynamic,0.6998245103462734,0.11350367042293072,251.51895093917847
wfg5,3,20,69,dynamic,0.6946922813295769,0.11172523397918013,254.88187456130981
wfg6,2,10,42,baseline,0.3177153892751692,0.194740236023644,107.71143341064453
wfg6,2,10,42,smac3,0.3151218672473012,0.17686229901574266,105.40971565246582
wfg6,2,10,42,dynamic,0.3170701727410445,0.2418217020683341,107.77827405929565
wfg6,2,10,43,baseline,0.3169519121185226,0.17691172651265538,105.5337061882019
wfg6,2,10,43,smac3,0.36047448382283903,0.11323269906546109,106.83766603469849
wfg6,2,10,43,dynamic,0.3691157395506662,0.07794878261004135,106.88905787467957
wfg5,3,20,70,baseline,0.6953874910729544,0.10939044564573046,245.4628381729126
wfg6,2,10,44,baseline,0.28599161231273085,0.22158626245873578,104.63413906097412
wfg6,2,10,44,smac3,0.316999500497935,0.1654269735419987,106.73977065086365
wfg5,3,20,70,smac3,0.703892530408076,0.10728455497387661,247.14896297454834
wfg5,3,20,70,dynamic,0.6964590224034587,0.11253129476314826,253.02993726730347
wfg5,3,20,71,baseline,0.7077114092961433,0.10855177776788932,244.41312670707703
wfg6,2,10,45,baseline,0.34052512627670734,0.12345745500436915,106.38755464553833
wfg6,2,10,44,dynamic,0.32953456630013406,0.1842033137146274,109.49726963043213
wfg6,2,10,45,smac3,0.357601258823137,0.094704578502905,108.22198390960693
wfg6,2,10,45,dynamic,0.342932183834986,0.15836848287923033,107.3280348777771
wfg6,2,10,46,baseline,0.32128184482088135,0.21624113598091455,107.71493649482727
wfg6,2,10,46,smac3,0.34099657309161363,0.13999903372501674,105.7800064086914
wfg6,2,10,47,baseline,0.3557184654355601,0.14184932768477676,105.62750506401062
wfg6,2,10,46,dynamic,0.24737166535722663,0.3830567911550251,108.77826452255249
wfg5,3,20,71,smac3,0.696659791039561,0.10756967456038598,248.16935324668884
wfg5,3,20,71,dynamic,0.7030955289654169,0.11380959806611302,258.9638979434967
wfg6,2,10,47,smac3,0.36996168712057265,0.1028241131261526,107.1115140914917
wfg6,2,10,47,dynamic,0.37568186085876243,0.06624837013838562,108.1740300655365
wfg6,2,10,48,baseline,0.335178539925077,0.15806816341949792,103.5295958518982
wfg6,2,10,48,smac3,0.34720740061257443,0.11963017856871855,103.15934491157532
wfg6,2,10,48,dynamic,0.3541181458803922,0.13312285846463934,103.37017464637756
wfg6,2,10,49,baseline,0.3404079937546493,0.16047121101483564,104.8800539970398
wfg6,2,10,49,smac3,0.3259541943574113,0.21586382147765748,104.00523710250854
wfg6,2,10,49,dynamic,0.30199404268952085,0.18659235812352515,103.88762426376343
wfg6,2,10,50,smac3,0.33678609553385314,0.13712088705920614,102.29864859580994
wfg6,2,10,50,baseline,0.35853243389691725,0.1248602513925648,103.98962235450745
wfg6,2,10,50,dynamic,0.291918974105315,0.26055189810309276,103.97233700752258
wfg6,2,10,51,baseline,0.31792610516674547,0.1637158931160137,103.7512834072113
wfg6,2,10,51,smac3,0.30109799779735286,0.19833900692161774,103.81755375862122
wfg6,2,10,51,dynamic,0.31240484301743915,0.17267042073208513,106.06154155731201
wfg6,2,10,52,baseline,0.39450808898003703,0.037282113352937914,104.36859726905823
wfg6,2,10,52,smac3,0.3884234693941318,0.05617437836193583,105.26648306846619
wfg6,2,10,52,dynamic,0.3791371187883881,0.06942186726154827,103.83367276191711
wfg6,2,10,53,smac3,0.26428841579628665,0.2810919296144778,102.75037407875061
wfg6,2,10,53,baseline,0.25759287717841917,0.31280790022745225,103.18529176712036
wfg6,2,10,54,smac3,0.30845372059349174,0.2095001052470253,102.73105883598328
wfg6,2,10,53,dynamic,0.3067486701259345,0.2047656362865616,107.36435627937317
wfg6,2,10,54,baseline,0.3432473221831741,0.15576995595161575,104.83312726020813
wfg6,2,10,54,dynamic,0.2761218320767662,0.2424422992466707,103.7480583190918
wfg6,2,10,55,smac3,0.2752998308029107,0.26840978275973326,102.43710565567017
wfg6,2,10,55,baseline,0.32468740593437173,0.1585627187310284,104.42717337608337
wfg6,2,10,55,dynamic,0.3266249828316561,0.19194927000816497,105.90999221801758
wfg6,2,10,56,baseline,0.32947494994672283,0.15427899049868232,104.12017130851746
wfg6,2,10,56,smac3,0.2830409034675867,0.25506014772337426,105.2532286643982
wfg6,2,10,56,dynamic,0.35253697088580993,0.10311816883589897,105.27487587928772
wfg6,2,10,57,baseline,0.39808284045812675,0.031834826517660876,105.05958294868469
wfg6,2,10,57,smac3,0.2789579612462373,0.2833806759916624,101.78836107254028
wfg6,2,10,58,baseline,0.34304266334044486,0.1636881015763862,102.25234127044678
wfg6,2,10,57,dynamic,0.3164384427025897,0.24567721595067166,104.48611903190613
wfg6,2,10,58,smac3,0.350987132809,0.13738451376947924,102.18091320991516
wfg6,2,10,59,baseline,0.3702680812904228,0.07824315848604768,103.93814063072205
wfg6,2,10,58,dynamic,0.3261370376867773,0.14430208879650966,105.76582098007202
wfg6,2,10,59,smac3,0.37517813047275383,0.0766949127186043,102.8191602230072
wfg6,2,10,59,dynamic,0.24766518287659237,0.46565182299180435,103.29975724220276
wfg6,2,10,60,baseline,0.3560731530964216,0.09925643239220892,104.32629799842834
wfg6,2,10,60,smac3,0.366368572005659,0.08180798774608682,104.12362289428711
wfg6,2,10,60,dynamic,0.2990622297976596,0.2993008320460782,104.26092267036438
wfg6,2,10,61,smac3,0.3005916735814755,0.20339922063227894,104.09377980232239
wfg6,2,10,61,baseline,0.2926493534484803,0.22305524693859577,104.65206384658813
wfg6,2,10,61,dynamic,0.34509948443237715,0.15718796962677367,105.85436797142029
wfg6,2,10,62,baseline,0.3364155373911601,0.1334387758703659,103.50629353523254
wfg6,2,10,62,smac3,0.3824295852935991,0.05839025624178224,103.37808966636658
wfg6,2,10,62,dynamic,0.328762770759079,0.1873904613691793,103.51174545288086
wfg6,2,10,63,baseline,0.2740119647510773,0.27926072613082525,103.1919436454773
wfg6,2,10,64,baseline,0.3772435867248948,0.09420167996821188,101.99619388580322
wfg6,2,10,63,smac3,0.3036954123452568,0.21817676932749894,104.05850410461426
wfg6,2,10,64,smac3,0.3562031121638874,0.11700958316459328,102.03558254241943
wfg6,2,10,63,dynamic,0.316582561580316,0.21178412998845678,105.17322540283203
wfg6,2,10,64,dynamic,0.3201931118260375,0.21429754016933256,106.08315539360046
wfg6,2,10,65,baseline,0.38937611415118856,0.05793474268365025,104.29170203208923
wfg6,2,10,65,smac3,0.39915637648254504,0.03130988624486189,103.97461128234863
wfg6,2,10,65,dynamic,0.3654926726188089,0.09955664339075178,103.74990725517273
wfg6,2,10,66,baseline,0.3509507083139374,0.11011796829203303,104.57606267929077
wfg6,2,10,66,smac3,0.35296624008901567,0.10893934600496988,102.45836853981018
wfg6,2,10,66,dynamic,0.33621386285270505,0.18684205702292786,106.30720639228821
wfg6,2,10,67,smac3,0.26750772810471185,0.2651094671240465,101.8562023639679
wfg6,2,10,67,baseline,0.2803683988196452,0.22374221587389234,103.90486717224121
wfg6,2,10,67,dynamic,0.33285950633257777,0.1542220712785891,103.35899758338928
wfg6,2,10,68,baseline,0.34221056598358107,0.12573413948675569,102.37844848632812
wfg6,2,10,68,smac3,0.32945729300773197,0.14594873783149873,103.89497351646423
wfg6,2,10,68,dynamic,0.24054161992268772,0.45000645011276724,103.85857701301575
wfg6,2,10,69,baseline,0.35672955931510064,0.13131360732687414,104.97331142425537
wfg6,2,10,69,smac3,0.354192269850925,0.13974388391025902,104.75148057937622
wfg6,2,10,70,baseline,0.3678912708828136,0.08807617890185712,104.33686256408691
wfg6,2,10,69,dynamic,0.357377107500817,0.13262396089561476,105.69257068634033
wfg6,2,10,70,smac3,0.36673083581980753,0.08281731998489889,103.55282258987427
wfg6,2,10,70,dynamic,0.37150317605842964,0.07318499243501903,107.75009822845459
wfg6,2,10,71,baseline,0.3305237137005777,0.13955460588335883,104.03086161613464
wfg6,2,10,71,smac3,0.3515802134100933,0.11889399324497181,107.52321434020996
wfg6,2,10,71,dynamic,0.296886301635851,0.24929382716551313,107.14271450042725
wfg6,2,20,42,baseline,0.35160696440489253,0.14651150143644112,291.58400678634644
wfg6,2,20,42,smac3,0.3741216792578602,0.06947531043095737,287.63845896720886
wfg6,2,20,43,smac3,0.35706692663877077,0.11020284335054117,287.61848044395447
wfg6,2,20,43,baseline,0.3789344226659703,0.06507358661547809,293.3802421092987
wfg6,2,20,42,dynamic,0.37013819041125157,0.10318397883506593,298.77503085136414
wfg6,2,20,44,baseline,0.3403672033045644,0.12210476307198001,293.22456669807434
wfg6,2,20,44,smac3,0.35642455524121247,0.09637455349509542,290.91078782081604
wfg6,2,20,43,dynamic,0.3381549024675577,0.16194430665771903,303.46077394485474
wfg6,2,20,44,dynamic,0.387071545163275,0.04962201078278896,300.2380304336548
wfg6,2,20,45,baseline,0.36836384170797304,0.11123657632246857,287.752653837204
wfg6,2,20,45,smac3,0.37959644811677445,0.07269749706066861,294.351402759552
wfg6,2,20,45,dynamic,0.3762611632687116,0.06605871718592708,299.3724253177643
wfg6,2,20,46,baseline,0.3581791553934248,0.09481945704305658,295.6525385379791
wfg6,2,20,46,smac3,0.36044836599849056,0.09291860612575284,288.3041207790375
wfg6,2,20,47,baseline,0.37556517022084573,0.06889670841359244,288.9359633922577
wfg6,2,20,47,smac3,0.3660257627340591,0.08550828965916904,288.7520010471344
wfg6,2,20,46,dynamic,0.36729617058436265,0.08842860289812617,303.21028780937195
wfg6,2,20,48,baseline,0.3758741223026524,0.06828080230167488,289.7431001663208
wfg6,2,20,48,smac3,0.3532334458251802,0.12638480328868598,294.2248578071594
wfg6,2,20,47,dynamic,0.40060021910966553,0.03021099960031463,301.98461627960205
wfg6,2,20,49,baseline,0.3661202663120117,0.08142915961830537,294.71540808677673
wfg6,2,20,48,dynamic,0.3665477451468889,0.10886252086464639,301.42023491859436
wfg6,2,20,49,smac3,0.3228682876317971,0.22971461568470133,293.8772270679474
wfg6,2,20,49,dynamic,0.3766989844802308,0.06702735527157173,295.3720109462738
wfg6,2,20,50,baseline,0.3549559326648116,0.09941534442874293,293.95579719543457
wfg6,2,20,50,smac3,0.3534944925421629,0.1065995021856763,289.13422441482544
wfg6,2,20,51,baseline,0.3772298442304178,0.06580578995696511,289.50512051582336
wfg6,2,20,50,dynamic,0.33517375435734814,0.16493862820992514,303.30516815185547
wfg6,2,20,51,smac3,0.36955333568749793,0.07740688149286513,289.13104724884033
wfg6,2,20,52,smac3,0.3488685827648843,0.11775400177751698,287.1799256801605
wfg6,2,20,51,dynamic,0.3085436170906439,0.2669444853337938,298.21543622016907
wfg6,2,20,52,baseline,0.35893724305369384,0.09480774790255066,293.50371646881104
wfg6,2,20,53,baseline,0.36494011223765294,0.08541199463848761,292.88353300094604
wfg6,2,20,52,dynamic,0.3620838646319129,0.09360608440048575,300.8326804637909
wfg6,2,20,53,smac3,0.34646216232917315,0.11366666334925128,294.4889874458313
wfg6,2,20,54,baseline,0.3414337654119843,0.14417353924479545,291.6144189834595
wfg6,2,20,53,dynamic,0.35538040985599334,0.10582841418727307,302.52953267097473
wfg6,2,20,54,smac3,0.36098952171278204,0.1012231237074306,291.10627460479736
wfg6,2,20,55,baseline,0.35240518363067774,0.1318667816466833,289.01289916038513
wfg6,2,20,54,dynamic,0.3645202671781457,0.09083061109643975,304.57912731170654
wfg6,2,20,55,smac3,0.3468289788066548,0.12658703176672284,289.01476192474365
wfg6,2,20,55,dynamic,0.32057267615390045,0.203028126244306,297.4570748806
wfg6,2,20,56,baseline,0.32106440301631817,0.22347862899966342,289.1237554550171
wfg6,2,20,56,smac3,0.36584842291148045,0.09540161118302012,287.9056086540222
wfg6,2,20,57,baseline,0.34740871763908304,0.1280518421716506,291.6704144477844
wfg6,2,20,56,dynamic,0.3609155569640271,0.09135415421257369,295.7230920791626
wfg6,2,20,57,smac3,0.35715888660311806,0.11635786504537136,293.5773768424988
wfg6,2,20,58,baseline,0.36981125070861803,0.08256567638051772,295.2854735851288
wfg6,2,20,58,smac3,0.35881631617599846,0.11367514904785678,294.35559129714966
wfg6,2,20,57,dynamic,0.3522969040534398,0.1173613681674472,300.95545196533203
wfg6,2,20,59,baseline,0.3552402758314449,0.09895218554091091,294.2542266845703
wfg6,2,20,58,dynamic,0.32222054781967385,0.19713025232524878,304.7940366268158
wfg6,2,20,59,smac3,0.37710530789681673,0.06634358803141227,289.0400609970093
wfg6,2,20,59,dynamic,0.3581050509345202,0.09435694091609512,305.3855538368225
wfg6,2,20,60,baseline,0.3512252047085587,0.1174127748094202,289.09941267967224
wfg6,2,20,60,smac3,0.38131619606298556,0.060560326785182236,289.60699701309204
wfg6,2,20,60,dynamic,0.3372994528648507,0.1573772552418383,296.193076133728
wfg6,2,20,61,baseline,0.3507425399267957,0.1243228923507118,288.83929920196533
wfg6,2,20,61,smac3,0.34205478068695483,0.15271423004735704,295.63336992263794
wfg6,2,20,61,dynamic,0.3614171567878941,0.09085899025072443,295.99124813079834
wfg6,2,20,62,baseline,0.3673020307920931,0.07992264863837897,294.1075921058655
wfg6,2,20,62,smac3,0.36446780624477615,0.09338383664457948,297.0636374950409
wfg6,2,20,63,baseline,0.37078905706881027,0.07419958729427613,294.6435570716858
wfg6,2,20,62,dynamic,0.3838637220011278,0.061487625462056286,302.6604280471802
wfg6,2,20,63,smac3,0.36884866686742446,0.08196889947674649,294.838809967041
wfg6,2,20,64,baseline,0.3474959694102999,0.15098818100521316,291.8084526062012
wfg6,2,20,63,dynamic,0.3207455077344426,0.25404306907396995,304.4245686531067
wfg6,2,20,64,smac3,0.36286895104709266,0.10147862721950701,294.7048976421356
wfg6,2,20,64,dynamic,0.3453595940506902,0.17409508316933833,297.62015867233276
wfg6,2,20,65,baseline,0.36707713090148075,0.08256931943689526,289.9316358566284
wfg6,2,20,65,smac3,0.35157390632181607,0.10552572832538175,291.3662021160126
wfg6,2,20,65,dynamic,0.3385815421042768,0.15621388022463745,297.70230436325073
wfg6,2,20,66,smac3,0.36021825418880493,0.1040588816717569,289.3503620624542
wfg6,2,20,66,baseline,0.32867264847320926,0.20799788479618872,295.8437821865082
wfg6,2,20,66,dynamic,0.3542552591424002,0.1168520203999433,304.0613205432892
wfg6,2,20,67,baseline,0.3758820166864185,0.06748680061172756,297.1007993221283
wfg6,2,20,67,smac3,0.3538390560315373,0.11706867253797712,295.24346923828125
wfg6,2,20,68,baseline,0.35429363184806706,0.12583241884567542,294.18206906318665
wfg6,2,20,67,dynamic,0.3417646121517179,0.17359120620051288,304.94272780418396
wfg6,2,20,68,smac3,0.3406115533961152,0.13115164314184213,293.02427554130554
wfg6,2,20,68,dynamic,0.38254943879681136,0.05700064919357922,304.2602815628052
wfg6,2,20,69,baseline,0.3458657106743243,0.12826322768742532,295.5947563648224
wfg6,2,20,69,smac3,0.3481470918958545,0.11826080588003994,289.56276655197144
wfg6,2,20,69,dynamic,0.3553657226555183,0.10679680774786975,298.8911714553833
wfg6,3,10,42,baseline,0.6914995763150582,0.1290663195449794,155.87066507339478
wfg6,3,10,42,smac3,0.6181883320860463,0.21729544067955064,154.81957840919495
wfg6,3,10,43,baseline,0.6622192318074376,0.16145772066318081,151.9324131011963
wfg6,3,10,42,dynamic,0.6022988873276761,0.2622963879574881,159.02856159210205
wfg6,3,10,43,smac3,0.7019551003384642,0.11642092318869414,155.25981903076172
wfg6,3,10,43,dynamic,0.5848930067932014,0.2679559169742105,159.09777426719666
wfg6,3,10,44,baseline,0.6694561209484632,0.1553291722223787,152.75164771080017
wfg6,3,10,44,smac3,0.6433419645240606,0.18368591357253716,153.71019625663757
wfg6,2,20,70,baseline,0.37422718790776494,0.0914074627973036,284.71114015579224
wfg6,2,20,70,smac3,0.37348209051475606,0.07517697578217157,283.5338270664215
wfg6,2,20,70,dynamic,0.34235238660719164,0.15870338118743382,289.35206604003906
wfg6,2,20,71,baseline,0.3705284610774635,0.0745063526839452,290.2633407115936
wfg6,2,20,71,smac3,0.3690983401201826,0.07803500923056851,289.3556227684021
wfg6,2,20,71,dynamic,0.32490809600421594,0.2033456684262176,296.27376198768616
wfg6,3,10,44,dynamic,0.6191025326606217,0.21286676022478598,159.92387652397156
wfg6,3,10,45,baseline,0.6845847624414217,0.1372163881507038,155.9365746974945
wfg6,3,10,45,smac3,0.6662628040240395,0.15937522710920582,152.13434720039368
wfg6,3,10,45,dynamic,0.6706600075583906,0.15587020352669712,159.26902031898499
wfg6,3,10,46,baseline,0.6951532418969729,0.1259027034841247,155.27826714515686
wfg6,3,10,46,smac3,0.6886173626405705,0.13116371770929033,154.13454031944275
wfg6,3,10,46,dynamic,0.5688386836860686,0.2755470418254751,155.2315480709076
wfg6,3,10,47,baseline,0.7076821888478912,0.11121281441312611,151.67178320884705
wfg6,3,10,47,smac3,0.7103732926664816,0.10771003833310373,150.30522751808167
wfg6,3,10,47,dynamic,0.6881333316768176,0.17892448406469988,153.3855242729187
wfg6,3,10,48,baseline,0.650495493370056,0.17766562979557105,149.54815936088562
wfg6,3,10,48,smac3,0.6358365978973991,0.1940391835495932,152.57156538963318
wfg6,3,10,48,dynamic,0.622294129016448,0.21304982187577554,155.61238884925842
wfg6,3,10,49,baseline,0.6930503293916017,0.12842012477028245,152.20190238952637
wfg6,3,10,49,smac3,0.7129022735577952,0.10681912848552105,152.3986999988556
wfg6,3,10,50,baseline,0.7048237198729157,0.11822639648028002,148.43673038482666
wfg6,3,10,49,dynamic,0.6386656211077422,0.21355291007745947,156.04089307785034
wfg6,3,10,50,smac3,0.7162099062655939,0.10105118456052363,151.75582671165466
wfg6,3,10,50,dynamic,0.6283379444063053,0.26790685352686305,155.89555025100708
wfg6,3,10,51,baseline,0.6496449958134999,0.1856251727227497,152.2915439605713
wfg6,3,10,51,smac3,0.6861635593394413,0.1354023975776848,149.01214122772217
wfg6,3,10,51,dynamic,0.7013598347584862,0.14234125629954497,153.51494908332825
wfg6,3,10,52,baseline,0.6862633885122666,0.13619409218272815,149.62761521339417
wfg6,3,10,52,smac3,0.730806274154,0.08709173011804422,148.08609127998352
wfg6,3,10,52,dynamic,0.6687187856521698,0.15594286216418793,152.52699255943298
wfg6,3,10,53,baseline,0.6888788979461765,0.13327159818277626,151.67324137687683
wfg6,3,10,53,smac3,0.6354083675831201,0.19636844334767228,150.60400438308716
wfg6,3,10,53,dynamic,0.5716202599740073,0.32373575804167176,155.57756638526917
wfg6,3,10,54,smac3,0.647003436268477,0.18356246861009073,149.27006125450134
wfg6,3,10,54,baseline,0.6571997389346498,0.17048034604321077,152.05533385276794
wfg6,3,10,54,dynamic,0.4931613796157859,0.4342437213149532,155.63748788833618
wfg6,3,10,55,baseline,0.667979242887436,0.15654867782320284,151.51243925094604
wfg6,3,10,55,smac3,0.6760851026811167,0.14895976959240134,152.17382407188416
wfg6,3,10,56,baseline,0.605833417919998,0.2324074189378922,149.46232151985168
wfg6,3,10,55,dynamic,0.7150323540738164,0.11793223874408637,157.03412175178528
wfg6,3,10,56,smac3,0.6804089391400407,0.1422773625495773,149.9497992992401
wfg6,3,10,56,dynamic,0.5644772287536626,0.27938558882884695,153.06035995483398
wfg6,3,10,57,baseline,0.6396012959026169,0.19215195527772902,149.22001767158508
wfg6,3,10,57,smac3,0.7328912346468999,0.08544970098296599,150.41731572151184
wfg6,3,10,57,dynamic,0.6344701794567029,0.19872764253855482,157.23180055618286
wfg6,3,10,58,baseline,0.631038479894519,0.20281744871575952,152.89174389839172
wfg6,3,10,58,smac3,0.7099730441117738,0.11013158677926015,152.75231313705444
wfg6,3,10,58,dynamic,0.5733323623725197,0.33548101924112683,153.3907651901245
wfg6,3,10,59,baseline,0.7128242848072394,0.10626490651442058,152.9325270652771
wfg6,3,10,59,smac3,0.7011086166562811,0.11943419543854027,153.3341841697693
wfg6,3,10,59,dynamic,0.4955635431337879,0.3781828737462039,156.58242225646973
wfg6,3,10,60,baseline,0.6575027522387271,0.17114640639428477,152.6646625995636
wfg6,3,10,60,smac3,0.6544366765544082,0.17312550832892867,149.0606997013092
wfg6,3,10,60,dynamic,0.6065508024734786,0.30709021210049603,157.71981382369995
wfg6,3,10,61,baseline,0.7522985420342947,0.06509295032745693,149.50295639038086
wfg6,3,10,61,smac3,0.7425714574035681,0.07450633078054067,149.00769782066345
wfg6,3,10,61,dynamic,0.5235623437617841,0.3968193770687715,151.5774323940277
wfg6,3,10,62,baseline,0.6354424626318952,0.19527279193550717,149.3897361755371
wfg6,3,10,62,smac3,0.6244995886803858,0.208168426279279,150.80571174621582
wfg6,3,10,62,dynamic,0.5197610846420118,0.4137117519186553,155.6745674610138
wfg6,3,10,63,baseline,0.7090177128155777,0.11198543913686244,152.9952425956726
wfg6,3,10,63,smac3,0.7030127067579187,0.11829862668803387,149.53877758979797
wfg6,3,10,63,dynamic,0.6245170726031567,0.21313179017176584,156.2097988128662
wfg6,3,10,64,baseline,0.6030499615194529,0.2370465255188277,152.85634350776672
wfg6,3,10,64,smac3,0.6513532717120586,0.1770365349040248,151.8418836593628
wfg6,3,10,65,baseline,0.7022295139073754,0.11691397064444471,150.50476551055908
wfg6,3,10,64,dynamic,0.26928309077059653,0.8067419172291571,155.68838739395142
wfg6,3,10,65,smac3,0.694978237789245,0.12555364680423411,152.0627772808075
wfg6,3,10,65,dynamic,0.6159766410849091,0.22606403782371604,153.1739809513092
wfg6,3,10,66,baseline,0.6151672935594243,0.22091350406884586,150.04716444015503
wfg6,3,10,66,smac3,0.5439118851375245,0.31239547009946783,148.7997395992279
wfg6,3,10,66,dynamic,0.5357026414536855,0.39085664813294074,153.3599922657013
wfg6,3,10,67,baseline,0.6759660694384808,0.1454241696384206,152.08036971092224
wfg6,3,10,67,smac3,0.6409373495794437,0.19798704424467584,151.94867062568665
wfg6,3,10,67,dynamic,0.5944961064190039,0.2467958257540046,155.9618604183197
wfg6,3,10,68,baseline,0.6776284775107383,0.14544456348692283,149.84847784042358
wfg6,3,10,68,smac3,0.6795209876197639,0.14366649607949464,152.73800373077393
wfg6,3,10,68,dynamic,0.30971713235688536,0.7451047256860758,158.17778992652893
wfg6,3,10,69,baseline,0.5798232198583063,0.26662208332749276,153.68906474113464
wfg6,3,10,69,smac3,0.6432895370302266,0.1859051827858848,151.00160670280457
wfg6,3,10,69,dynamic,0.6262905512841427,0.2694811854405452,157.7312228679657
wfg6,3,10,70,baseline,0.7234483920393335,0.09532078293387093,154.6302285194397
wfg6,3,10,70,smac3,0.7311495901896484,0.08632994950887402,151.31569290161133
wfg6,3,10,70,dynamic,0.6065556940041791,0.2912596469684143,155.25804686546326
wfg6,3,10,71,baseline,0.6438761407437639,0.18530677015998687,151.27764701843262
wfg6,3,10,71,smac3,0.5988927421126704,0.24046425613083985,153.29941058158875
wfg6,3,10,71,dynamic,0.6537802770069165,0.17560684304865412,159.18606114387512
wfg6,3,20,42,baseline,0.7017485679610559,0.11893835889560977,376.3031039237976
wfg6,3,20,42,smac3,0.6892131853667507,0.13419724864979476,378.58008074760437
wfg6,3,20,42,dynamic,0.6506919765849424,0.20638595166465393,387.0251545906067
wfg6,3,20,43,baseline,0.6846426196631348,0.14125532039033534,380.37387466430664
wfg6,3,20,43,smac3,0.7120354572142638,0.107678048402755,379.2942762374878
wfg6,3,20,44,baseline,0.6898669252280216,0.1322333637494907,373.36842370033264
wfg6,3,20,43,dynamic,0.5093230775778805,0.4415459577976566,394.872864484787
wfg6,3,20,44,smac3,0.6859085133963647,0.1397773552160378,379.34114170074463
wfg6,3,20,45,baseline,0.7024430214857673,0.11847595365283778,375.02822732925415
wfg6,3,20,45,smac3,0.6812406159387048,0.14169190144450536,374.4081768989563
wfg6,3,20,44,dynamic,0.7028524300558874,0.14191113686480764,396.2833368778229
wfg6,3,20,45,dynamic,0.6507257840375591,0.20118105194125807,386.81709146499634
wfg6,3,20,46,baseline,0.6953873378146298,0.1389384340799498,374.12728214263916
wfg6,3,20,46,smac3,0.6797417603546445,0.1780427009344541,380.0113594532013
wfg6,3,20,46,dynamic,0.5712007115022472,0.37143718068838777,396.204313993454
wfg6,3,20,47,baseline,0.695242758240107,0.13121521201789302,380.3176236152649
wfg6,3,20,47,smac3,0.7041993549503158,0.11613186974547013,376.12950134277344
wfg6,3,20,48,baseline,0.7014192867998671,0.12227567336105942,379.36304903030396
wfg6,3,20,47,dynamic,0.6588487409063006,0.17766274643093813,396.1745481491089
wfg6,3,20,48,smac3,0.6895566835825078,0.13145718591755862,373.9720227718353
wfg6,3,20,49,baseline,0.7114296251363178,0.11001942408111846,379.2257628440857
wfg6,3,20,49,smac3,0.6848062285759047,0.14121255596230392,374.99684619903564
wfg6,3,20,48,dynamic,0.42635519598549365,0.5520194239074163,395.62644267082214
wfg6,3,20,49,dynamic,0.6072391861325401,0.2811558872743304,388.2672817707062
wfg6,3,20,50,baseline,0.6950386332457534,0.1278681358170587,381.3235445022583
wfg6,3,20,50,smac3,0.70034182040646,0.12004634018935645,375.70263385772705
wfg6,3,20,50,dynamic,0.7280515938744001,0.08971634603647291,385.7202594280243
wfg6,3,20,51,baseline,0.7031183421946825,0.1191995020539995,384.00175857543945
wfg6,3,20,51,smac3,0.6926540518710251,0.12949416535654584,380.4221637248993
wfg6,3,20,52,baseline,0.69550335580467,0.1259168296399013,374.7154858112335
wfg6,3,20,51,dynamic,0.6610800212754817,0.2433851292979871,394.8500807285309
wfg6,3,20,52,smac3,0.6945333278092034,0.1263616524793259,380.4659562110901
wfg6,3,20,53,baseline,0.7223655413576938,0.09663265307699351,375.51282358169556
wfg6,3,20,52,dynamic,0.646573097824659,0.24710506745018834,396.3582901954651
wfg6,3,20,53,smac3,0.6862043410834243,0.13718861578364955,379.26824736595154
wfg6,3,20,54,baseline,0.7045863615562014,0.11733906918312476,378.73630118370056
wfg6,3,20,54,smac3,0.7047964136211032,0.11677033898257146,373.77573013305664
wfg6,3,20,53,dynamic,0.6090910183487694,0.2756346394070303,392.9055869579315
wfg6,3,20,55,baseline,0.6915752883137127,0.13159282014677665,373.96868681907654
wfg6,3,20,55,smac3,0.699103024732151,0.12082738042274975,374.59602999687195
wfg6,3,20,54,dynamic,0.7068379445792292,0.1116036115935311,396.9182720184326
wfg6,3,20,55,dynamic,0.6757903415333096,0.17760401602981404,398.16870164871216
wfg6,3,20,56,baseline,0.6936614321932146,0.13169333047406862,381.30483746528625
wfg6,3,20,56,smac3,0.6760897964244947,0.14873214861711334,376.32169222831726
wfg6,3,20,56,dynamic,0.6826617500777675,0.1421603835628562,394.37043261528015
wfg6,3,20,57,baseline,0.6800387172121091,0.1438335766679488,379.82338285446167
wfg6,3,20,57,smac3,0.6877906682395453,0.13414956407316342,377.720321893692
wfg6,3,20,58,baseline,0.6974110026381487,0.12510132764948623,378.1262729167938
wfg6,3,20,58,smac3,0.6942059743700542,0.12476557933246028,379.99245595932007
wfg6,3,20,57,dynamic,0.6940217105849569,0.1381656942792635,396.307692527771
wfg6,3,20,59,smac3,0.6835412085255078,0.1384671744165832,373.966814994812
wfg6,3,20,59,baseline,0.6870854096738148,0.13517099130179158,379.4650206565857
wfg6,3,20,58,dynamic,0.5836136935340319,0.3134569684826251,385.03792691230774
wfg6,3,20,60,baseline,0.7180064321848261,0.10175191330939898,382.33504486083984
wfg6,3,20,59,dynamic,0.678190960455293,0.17603629072759536,387.6662702560425
wfg6,3,20,60,smac3,0.6852883045361667,0.13776113686905309,381.8822908401489
wfg6,3,20,61,baseline,0.7100390938712948,0.10976655616945123,377.4224941730499
wfg6,3,20,60,dynamic,0.6686071133065477,0.21358132542709815,393.6918532848358
wfg6,3,20,62,baseline,0.7185929418189984,0.10145989824356061,374.3902235031128
wfg6,3,20,61,smac3,0.7024466700614085,0.11810828244762993,381.0478274822235
wfg6,3,20,61,dynamic,0.7093594833082743,0.12050854383712983,393.81836462020874
wfg6,3,20,62,smac3,0.6872149513605718,0.13640608747166166,380.53532004356384
wfg6,3,20,63,smac3,0.6841222587216839,0.1667883309749569,374.5092315673828
wfg6,3,20,63,baseline,0.7026462655811875,0.11780146750530124,383.6422612667084
wfg6,3,20,64,baseline,0.7148534502246012,0.10667823359055975,374.08907198905945
wfg6,3,20,62,dynamic,0.6268829846051311,0.19574995215441054,393.2053573131561
wfg6,3,20,63,dynamic,0.6619970660663703,0.20100593173401712,388.9670584201813
wfg6,3,20,64,smac3,0.6976408323121918,0.12319618627252092,382.61664175987244
wfg6,3,20,64,dynamic,0.7210362685611137,0.1207012411874966,386.01244044303894
wfg6,3,20,65,baseline,0.6995605035095168,0.12112944901799591,382.12646532058716
wfg6,3,20,65,smac3,0.6936932220844939,0.1270886595126517,376.10492968559265
wfg6,3,20,66,baseline,0.6988209304556995,0.12270520065476831,374.8408839702606
wfg6,3,20,65,dynamic,0.6530229371423965,0.2270800595771956,393.7156319618225
wfg6,3,20,66,smac3,0.6718495236534332,0.15242709903876597,381.86827063560486
wfg6,3,20,67,baseline,0.7039570942452981,0.11634648156044398,381.40438961982727
wfg6,3,20,66,dynamic,0.6930443890221133,0.13065532408129996,396.6924319267273
wfg6,3,20,67,smac3,0.7042831803434206,0.11748318506319443,374.99597430229187
wfg6,3,20,68,baseline,0.7176861952124063,0.10206127027671871,375.2319748401642
wfg6,3,20,68,smac3,0.6731879971831648,0.15204268642585259,380.6003203392029
wfg6,3,20,67,dynamic,0.7075346304279199,0.11012686122827563,395.715078830719
wfg6,3,20,68,dynamic,0.7028954877149692,0.11798523632273851,389.01291680336
wfg6,3,20,69,smac3,0.6916211735059957,0.13035227801949462,371.6523377895355
wfg6,3,20,69,baseline,0.694449174208769,0.126181419883501,381.70876836776733
wfg6,3,20,69,dynamic,0.6996785867412133,0.12434612889130013,386.3137755393982
wfg6,3,20,70,baseline,0.6989334035407113,0.12240114210500132,345.30450797080994
wfg6,3,20,70,smac3,0.6890662765910914,0.1323297546036232,343.38606882095337
wfg6,3,20,71,baseline,0.7077995815937235,0.11307091938958531,344.0401818752289
wfg6,3,20,70,dynamic,0.6814064968612552,0.14963754354939127,354.4952721595764
wfg6,3,20,71,smac3,0.6822700905308849,0.14014936986456866,336.0450828075409
wfg6,3,20,71,dynamic,0.6923282725867959,0.17641231050861372,348.533096075058
